{
    "jobIds": [
        "fc4b0e1e-7520-4f27-9e03-bc29b53504ce"
    ],
    "results": [
        {
            "jobId": "fc4b0e1e-7520-4f27-9e03-bc29b53504ce",
            "result": {
                "data": {
                    "timestamp": "2025-05-22T15:04:33.163Z",
                    "rootActivityId": "20b4b4c6-c3cc-43d3-bd6b-c56dd2658c22",
                    "descriptor": {
                        "Select": [
                            {
                                "Kind": 1,
                                "Depth": 0,
                                "Value": "G0",
                                "GroupKeys": [
                                    {
                                        "Source": {
                                            "Entity": "dfslcp_SAPRE_LISTA_CRONO_PRECATORIO",
                                            "Property": "dfslcp_dsc_proc_precatorio"
                                        },
                                        "Calc": "G0",
                                        "IsSameAsSelect": true
                                    }
                                ],
                                "Name": "dfslcp_SAPRE_LISTA_CRONO_PRECATORIO.dfslcp_dsc_proc_precatorio"
                            },
                            {
                                "Kind": 1,
                                "Depth": 0,
                                "Value": "G1",
                                "Format": "0",
                                "GroupKeys": [
                                    {
                                        "Source": {
                                            "Entity": "dfslcp_SAPRE_LISTA_CRONO_PRECATORIO",
                                            "Property": "dfslcp_num_ano_orcamento"
                                        },
                                        "Calc": "G1",
                                        "IsSameAsSelect": true
                                    }
                                ],
                                "Name": "Sum(dfslcp_SAPRE_LISTA_CRONO_PRECATORIO.dfslcp_num_ano_orcamento)"
                            },
                            {
                                "Kind": 1,
                                "Depth": 0,
                                "Value": "G2",
                                "GroupKeys": [
                                    {
                                        "Source": {
                                            "Entity": "dfslcp_SAPRE_LISTA_CRONO_PRECATORIO",
                                            "Property": "dfslcp_dsc_natureza"
                                        },
                                        "Calc": "G2",
                                        "IsSameAsSelect": true
                                    }
                                ],
                                "Name": "dfslcp_SAPRE_LISTA_CRONO_PRECATORIO.dfslcp_dsc_natureza"
                            },
                            {
                                "Kind": 1,
                                "Depth": 0,
                                "Value": "G3",
                                "Format": "d",
                                "GroupKeys": [
                                    {
                                        "Source": {
                                            "Entity": "dfslcp_SAPRE_LISTA_CRONO_PRECATORIO",
                                            "Property": "dfslcp_dat_cadastro"
                                        },
                                        "Calc": "G3",
                                        "IsSameAsSelect": true
                                    }
                                ],
                                "Name": "dfslcp_SAPRE_LISTA_CRONO_PRECATORIO.dfslcp_dat_cadastro Hierarquia.dfslcp_dat_cadastro"
                            },
                            {
                                "Kind": 1,
                                "Depth": 0,
                                "Value": "G4",
                                "GroupKeys": [
                                    {
                                        "Source": {
                                            "Entity": "dfslcp_SAPRE_LISTA_CRONO_PRECATORIO",
                                            "Property": "dfslcp_dsc_tipo_classificao"
                                        },
                                        "Calc": "G4",
                                        "IsSameAsSelect": true
                                    }
                                ],
                                "Name": "dfslcp_SAPRE_LISTA_CRONO_PRECATORIO.dfslcp_dsc_tipo_classificao"
                            },
                            {
                                "Kind": 1,
                                "Depth": 0,
                                "Value": "G5",
                                "Format": "\"R$\"\\ #,0.00;-\"R$\"\\ #,0.00;\"R$\"\\ #,0.00",
                                "GroupKeys": [
                                    {
                                        "Source": {
                                            "Entity": "dfslcp_SAPRE_LISTA_CRONO_PRECATORIO",
                                            "Property": "dfslcp_vlr_original"
                                        },
                                        "Calc": "G5",
                                        "IsSameAsSelect": true
                                    }
                                ],
                                "Name": "Sum(dfslcp_SAPRE_LISTA_CRONO_PRECATORIO.dfslcp_vlr_original)"
                            },
                            {
                                "Kind": 1,
                                "Depth": 0,
                                "Value": "G6",
                                "Format": "0",
                                "GroupKeys": [
                                    {
                                        "Source": {
                                            "Entity": "dfslcp_SAPRE_LISTA_CRONO_PRECATORIO",
                                            "Property": "dfslcp_num_ordem"
                                        },
                                        "Calc": "G6",
                                        "IsSameAsSelect": true
                                    }
                                ],
                                "Name": "Sum(dfslcp_SAPRE_LISTA_CRONO_PRECATORIO.dfslcp_num_ordem)"
                            },
                            {
                                "Kind": 1,
                                "Depth": 0,
                                "Value": "G7",
                                "GroupKeys": [
                                    {
                                        "Source": {
                                            "Entity": "dfslcp_SAPRE_LISTA_CRONO_PRECATORIO",
                                            "Property": "dfslcp_dsc_sit_precatorio"
                                        },
                                        "Calc": "G7",
                                        "IsSameAsSelect": true
                                    }
                                ],
                                "Name": "dfslcp_SAPRE_LISTA_CRONO_PRECATORIO.dfslcp_dsc_sit_precatorio"
                            },
                            {
                                "Kind": 1,
                                "Depth": 0,
                                "Value": "G8",
                                "GroupKeys": [
                                    {
                                        "Source": {
                                            "Entity": "dfslcp_SAPRE_LISTA_CRONO_PRECATORIO",
                                            "Property": "dfslcp_dsc_comarca"
                                        },
                                        "Calc": "G8",
                                        "IsSameAsSelect": true
                                    }
                                ],
                                "Name": "dfslcp_SAPRE_LISTA_CRONO_PRECATORIO.dfslcp_dsc_comarca"
                            },
                            {
                                "Kind": 1,
                                "Depth": 0,
                                "Value": "G9",
                                "GroupKeys": [
                                    {
                                        "Source": {
                                            "Entity": "dfslcp_SAPRE_LISTA_CRONO_PRECATORIO",
                                            "Property": "ValorAtualFormatado"
                                        },
                                        "Calc": "G9",
                                        "IsSameAsSelect": true
                                    }
                                ],
                                "Name": "dfslcp_SAPRE_LISTA_CRONO_PRECATORIO.ValorAtualFormatado"
                            }
                        ],
                        "Expressions": {
                            "Primary": {
                                "Groupings": [
                                    {
                                        "Keys": [
                                            {
                                                "Source": {
                                                    "Entity": "dfslcp_SAPRE_LISTA_CRONO_PRECATORIO",
                                                    "Property": "dfslcp_dsc_proc_precatorio"
                                                },
                                                "Select": 0
                                            },
                                            {
                                                "Source": {
                                                    "Entity": "dfslcp_SAPRE_LISTA_CRONO_PRECATORIO",
                                                    "Property": "dfslcp_num_ano_orcamento"
                                                },
                                                "Select": 1
                                            },
                                            {
                                                "Source": {
                                                    "Entity": "dfslcp_SAPRE_LISTA_CRONO_PRECATORIO",
                                                    "Property": "dfslcp_dsc_natureza"
                                                },
                                                "Select": 2
                                            },
                                            {
                                                "Source": {
                                                    "Entity": "dfslcp_SAPRE_LISTA_CRONO_PRECATORIO",
                                                    "Property": "dfslcp_dat_cadastro"
                                                },
                                                "Select": 3
                                            },
                                            {
                                                "Source": {
                                                    "Entity": "dfslcp_SAPRE_LISTA_CRONO_PRECATORIO",
                                                    "Property": "dfslcp_dsc_tipo_classificao"
                                                },
                                                "Select": 4
                                            },
                                            {
                                                "Source": {
                                                    "Entity": "dfslcp_SAPRE_LISTA_CRONO_PRECATORIO",
                                                    "Property": "dfslcp_vlr_original"
                                                },
                                                "Select": 5
                                            },
                                            {
                                                "Source": {
                                                    "Entity": "dfslcp_SAPRE_LISTA_CRONO_PRECATORIO",
                                                    "Property": "dfslcp_num_ordem"
                                                },
                                                "Select": 6
                                            },
                                            {
                                                "Source": {
                                                    "Entity": "dfslcp_SAPRE_LISTA_CRONO_PRECATORIO",
                                                    "Property": "dfslcp_dsc_sit_precatorio"
                                                },
                                                "Select": 7
                                            },
                                            {
                                                "Source": {
                                                    "Entity": "dfslcp_SAPRE_LISTA_CRONO_PRECATORIO",
                                                    "Property": "dfslcp_dsc_comarca"
                                                },
                                                "Select": 8
                                            },
                                            {
                                                "Source": {
                                                    "Entity": "dfslcp_SAPRE_LISTA_CRONO_PRECATORIO",
                                                    "Property": "ValorAtualFormatado"
                                                },
                                                "Select": 9
                                            }
                                        ],
                                        "Member": "DM0"
                                    }
                                ]
                            }
                        },
                        "Version": 2
                    },
                    "metrics": {
                        "Version": "1.0.0",
                        "Events": [
                            {
                                "Id": "84a73f06-3080-44d4-8619-50986cc5442d",
                                "Name": "Execute Semantic Query",
                                "Component": "DSE",
                                "Start": "2025-05-22T15:04:33.1633922Z",
                                "End": "2025-05-22T15:04:33.1946375Z"
                            },
                            {
                                "Id": "07e47dcc-382c-498d-93f6-0606345d3732",
                                "ParentId": "84a73f06-3080-44d4-8619-50986cc5442d",
                                "Name": "Execute DAX Query",
                                "Component": "DSE",
                                "Start": "2025-05-22T15:04:33.1633922Z",
                                "End": "2025-05-22T15:04:33.1946375Z",
                                "Metrics": {
                                    "RowCount": 2
                                }
                            },
                            {
                                "Id": "3E6327A5-BA5D-48B9-A979-724935230934",
                                "ParentId": "07e47dcc-382c-498d-93f6-0606345d3732",
                                "Name": "Execute Query",
                                "Component": "AS",
                                "Start": "2025-05-22T15:04:33.19Z",
                                "End": "2025-05-22T15:04:33.193Z"
                            },
                            {
                                "Id": "BDDA99EC-2F52-4466-9301-A7402F591064",
                                "ParentId": "3E6327A5-BA5D-48B9-A979-724935230934",
                                "Name": "Serialize Rowset",
                                "Component": "AS",
                                "Start": "2025-05-22T15:04:33.193Z",
                                "End": "2025-05-22T15:04:33.193Z"
                            }
                        ]
                    },
                    "fromCache": false,
                    "dsr": {
                        "Version": 2,
                        "MinorVersion": 1,
                        "DS": [
                            {
                                "N": "DS0",
                                "PH": [
                                    {
                                        "DM0": [
                                            {
                                                "S": [
                                                    {
                                                        "N": "G0",
                                                        "T": 1,
                                                        "DN": "D0"
                                                    },
                                                    {
                                                        "N": "G1",
                                                        "T": 4
                                                    },
                                                    {
                                                        "N": "G2",
                                                        "T": 1,
                                                        "DN": "D1"
                                                    },
                                                    {
                                                        "N": "G3",
                                                        "T": 7
                                                    },
                                                    {
                                                        "N": "G4",
                                                        "T": 1,
                                                        "DN": "D2"
                                                    },
                                                    {
                                                        "N": "G5",
                                                        "T": 3
                                                    },
                                                    {
                                                        "N": "G6",
                                                        "T": 4
                                                    },
                                                    {
                                                        "N": "G7",
                                                        "T": 1,
                                                        "DN": "D3"
                                                    },
                                                    {
                                                        "N": "G8",
                                                        "T": 1,
                                                        "DN": "D4"
                                                    },
                                                    {
                                                        "N": "G9",
                                                        "T": 1,
                                                        "DN": "D5"
                                                    }
                                                ],
                                                "C": [
                                                    0,
                                                    2025,
                                                    0,
                                                    1691625600000,
                                                    0,
                                                    8314.73,
                                                    1,
                                                    0,
                                                    0,
                                                    0
                                                ]
                                            },
                                            {
                                                "C": [
                                                    1,
                                                    1,
                                                    83147.54,
                                                    2,
                                                    1
                                                ],
                                                "R": 410
                                            }
                                        ]
                                    }
                                ],
                                "IC": true,
                                "HAD": true,
                                "ValueDicts": {
                                    "D0": [
                                        "0004029-51.2023.8.06.0000",
                                        "0004028-66.2023.8.06.0000"
                                    ],
                                    "D1": [
                                        "Alimentar",
                                        "Comum"
                                    ],
                                    "D2": [
                                        "Orçamentário"
                                    ],
                                    "D3": [
                                        "Cadastrado"
                                    ],
                                    "D4": [
                                        "COMARCA DE MORADA NOVA"
                                    ],
                                    "D5": [
                                        "R$10.758,54",
                                        "R$107.585,70"
                                    ]
                                }
                            }
                        ]
                    }
                }
            }
        }
    ]
}