{"jobIds":["8005169d-3038-4f20-9bd2-444213eab2ce"],"results":[{"jobId":"8005169d-3038-4f20-9bd2-444213eab2ce","result":{"data":{"timestamp":"2025-05-22T19:26:29.347Z","rootActivityId":"0c7ff20a-5e05-41d3-96dd-11d8cc65519f","descriptor":{"Select":[{"Kind":1,"Depth":0,"Value":"G0","GroupKeys":[{"Source":{"Entity":"dfslcp_SAPRE_LISTA_CRONO_PRECATORIO","Property":"dfslcp_dsc_proc_precatorio"},"Calc":"G0","IsSameAsSelect":true}],"Name":"dfslcp_SAPRE_LISTA_CRONO_PRECATORIO.dfslcp_dsc_proc_precatorio"},{"Kind":1,"Depth":0,"Value":"G1","Format":"0","GroupKeys":[{"Source":{"Entity":"dfslcp_SAPRE_LISTA_CRONO_PRECATORIO","Property":"dfslcp_num_ano_orcamento"},"Calc":"G1","IsSameAsSelect":true}],"Name":"Sum(dfslcp_SAPRE_LISTA_CRONO_PRECATORIO.dfslcp_num_ano_orcamento)"},{"Kind":1,"Depth":0,"Value":"G2","GroupKeys":[{"Source":{"Entity":"dfslcp_SAPRE_LISTA_CRONO_PRECATORIO","Property":"dfslcp_dsc_natureza"},"Calc":"G2","IsSameAsSelect":true}],"Name":"dfslcp_SAPRE_LISTA_CRONO_PRECATORIO.dfslcp_dsc_natureza"},{"Kind":1,"Depth":0,"Value":"G3","Format":"d","GroupKeys":[{"Source":{"Entity":"dfslcp_SAPRE_LISTA_CRONO_PRECATORIO","Property":"dfslcp_dat_cadastro"},"Calc":"G3","IsSameAsSelect":true}],"Name":"dfslcp_SAPRE_LISTA_CRONO_PRECATORIO.dfslcp_dat_cadastro Hierarquia.dfslcp_dat_cadastro"},{"Kind":1,"Depth":0,"Value":"G4","GroupKeys":[{"Source":{"Entity":"dfslcp_SAPRE_LISTA_CRONO_PRECATORIO","Property":"dfslcp_dsc_tipo_classificao"},"Calc":"G4","IsSameAsSelect":true}],"Name":"dfslcp_SAPRE_LISTA_CRONO_PRECATORIO.dfslcp_dsc_tipo_classificao"},{"Kind":1,"Depth":0,"Value":"G5","Format":"\"R$\"\\ #,0.00;-\"R$\"\\ #,0.00;\"R$\"\\ #,0.00","GroupKeys":[{"Source":{"Entity":"dfslcp_SAPRE_LISTA_CRONO_PRECATORIO","Property":"dfslcp_vlr_original"},"Calc":"G5","IsSameAsSelect":true}],"Name":"Sum(dfslcp_SAPRE_LISTA_CRONO_PRECATORIO.dfslcp_vlr_original)"},{"Kind":1,"Depth":0,"Value":"G6","Format":"0","GroupKeys":[{"Source":{"Entity":"dfslcp_SAPRE_LISTA_CRONO_PRECATORIO","Property":"dfslcp_num_ordem"},"Calc":"G6","IsSameAsSelect":true}],"Name":"Sum(dfslcp_SAPRE_LISTA_CRONO_PRECATORIO.dfslcp_num_ordem)"},{"Kind":1,"Depth":0,"Value":"G7","GroupKeys":[{"Source":{"Entity":"dfslcp_SAPRE_LISTA_CRONO_PRECATORIO","Property":"dfslcp_dsc_sit_precatorio"},"Calc":"G7","IsSameAsSelect":true}],"Name":"dfslcp_SAPRE_LISTA_CRONO_PRECATORIO.dfslcp_dsc_sit_precatorio"},{"Kind":1,"Depth":0,"Value":"G8","GroupKeys":[{"Source":{"Entity":"dfslcp_SAPRE_LISTA_CRONO_PRECATORIO","Property":"dfslcp_dsc_comarca"},"Calc":"G8","IsSameAsSelect":true}],"Name":"dfslcp_SAPRE_LISTA_CRONO_PRECATORIO.dfslcp_dsc_comarca"},{"Kind":1,"Depth":0,"Value":"G9","GroupKeys":[{"Source":{"Entity":"dfslcp_SAPRE_LISTA_CRONO_PRECATORIO","Property":"ValorAtualFormatado"},"Calc":"G9","IsSameAsSelect":true}],"Name":"dfslcp_SAPRE_LISTA_CRONO_PRECATORIO.ValorAtualFormatado"}],"Expressions":{"Primary":{"Groupings":[{"Keys":[{"Source":{"Entity":"dfslcp_SAPRE_LISTA_CRONO_PRECATORIO","Property":"dfslcp_dsc_proc_precatorio"},"Select":0},{"Source":{"Entity":"dfslcp_SAPRE_LISTA_CRONO_PRECATORIO","Property":"dfslcp_num_ano_orcamento"},"Select":1},{"Source":{"Entity":"dfslcp_SAPRE_LISTA_CRONO_PRECATORIO","Property":"dfslcp_dsc_natureza"},"Select":2},{"Source":{"Entity":"dfslcp_SAPRE_LISTA_CRONO_PRECATORIO","Property":"dfslcp_dat_cadastro"},"Select":3},{"Source":{"Entity":"dfslcp_SAPRE_LISTA_CRONO_PRECATORIO","Property":"dfslcp_dsc_tipo_classificao"},"Select":4},{"Source":{"Entity":"dfslcp_SAPRE_LISTA_CRONO_PRECATORIO","Property":"dfslcp_vlr_original"},"Select":5},{"Source":{"Entity":"dfslcp_SAPRE_LISTA_CRONO_PRECATORIO","Property":"dfslcp_num_ordem"},"Select":6},{"Source":{"Entity":"dfslcp_SAPRE_LISTA_CRONO_PRECATORIO","Property":"dfslcp_dsc_sit_precatorio"},"Select":7},{"Source":{"Entity":"dfslcp_SAPRE_LISTA_CRONO_PRECATORIO","Property":"dfslcp_dsc_comarca"},"Select":8},{"Source":{"Entity":"dfslcp_SAPRE_LISTA_CRONO_PRECATORIO","Property":"ValorAtualFormatado"},"Select":9}],"Member":"DM0"}]}},"Version":2},"metrics":{"Version":"1.0.0","Events":[{"Id":"5a24dedf-9bcd-4ad4-8e36-014496e4c373","Name":"Execute Semantic Query","Component":"DSE","Start":"2025-05-22T19:26:29.3476993Z","End":"2025-05-22T19:26:29.3789516Z"},{"Id":"debf7239-b973-4529-a450-1237459db1ee","ParentId":"5a24dedf-9bcd-4ad4-8e36-014496e4c373","Name":"Execute DAX Query","Component":"DSE","Start":"2025-05-22T19:26:29.3476993Z","End":"2025-05-22T19:26:29.3789516Z","Metrics":{"RowCount":501}},{"Id":"F7A980D7-A902-4D48-8C92-E3D3D182DFA5","ParentId":"debf7239-b973-4529-a450-1237459db1ee","Name":"Execute Query","Component":"AS","Start":"2025-05-22T19:26:29.37Z","End":"2025-05-22T19:26:29.377Z"},{"Id":"44CC582E-C059-4EC0-A8BD-F8377F1A3188","ParentId":"F7A980D7-A902-4D48-8C92-E3D3D182DFA5","Name":"Serialize Rowset","Component":"AS","Start":"2025-05-22T19:26:29.373Z","End":"2025-05-22T19:26:29.377Z"}]},"fromCache":false,"dsr":{"Version":2,"MinorVersion":1,"DS":[{"N":"DS0","PH":[{"DM0":[{"S":[{"N":"G0","T":1,"DN":"D0"},{"N":"G1","T":4},{"N":"G2","T":1,"DN":"D1"},{"N":"G3","T":7},{"N":"G4","T":1,"DN":"D2"},{"N":"G5","T":3},{"N":"G6","T":4},{"N":"G7","T":1,"DN":"D3"},{"N":"G8","T":1,"DN":"D4"},{"N":"G9","T":1,"DN":"D5"}],"C":[0,2026,0,1715558400000,0,207680.84,1,0,0,0]},{"C":[1,2025,1688342400000,103780.78,2,1],"R":404},{"C":[2,2026,1715558400000,225718.55,3,1,2],"R":276},{"C":[3,1716595200000,45158.88,4,0,3],"R":278},{"C":[4,1717718400000,37045.61,5,4],"R":406},{"C":[5,2025,1685577600000,53456.14,6,5],"R":404},{"C":[6,2023,1628640000000,15178.89,7,6],"R":404},{"C":[7,2025,1711756800000,63039.45,8,7],"R":404},{"C":[8,1706140800000,17656.13,9,8],"R":406},{"C":[9,2024,1650585600000,643308.68,10,9],"R":404},{"C":[10,2026,1719273600000,641688.69,11,1,10],"R":276},{"C":[11,2021,1581033600000,110833.86,12,0,11],"R":276},{"C":[12,2023,1642032000000,6670.24,13,12],"R":404},{"C":[13,2024,1664841600000,23064.15,14,13],"R":404},{"C":[14,2026,1714089600000,37455.62,15,14],"R":404},{"C":[15,2025,1711756800000,72720,16,15],"R":404},{"C":[16,17681.67,17,16],"R":414},{"C":[17,2022,1602633600000,55604.95,18,17],"R":404},{"C":[18,2026,1713830400000,27353.04,19,18],"R":404},{"C":[19,1719273600000,280892.22,20,1,19],"R":278},{"C":[20,227777.3,21,20],"R":414},{"C":[21,1160517.5,22,0,21],"R":286},{"C":[22,1719446400000,78120,23,1,22],"R":278},{"C":[23,2024,1664928000000,954677.03,24,0,23],"R":276},{"C":[24,2026,1719360000000,81143.64,25,24],"R":404},{"C":[25,2023,1648598400000,113743.51,26,25],"R":404},{"C":[26,2026,1720051200000,39600.12,27,26],"R":404},{"C":[27,1721001600000,92830.2,28,1,27],"R":278},{"C":[28,2025,1708473600000,17770.26,29,0,28],"R":276},{"C":[29,2024,1674172800000,58418.56,30,29],"R":404},{"C":[30,2025,1710288000000,16306.01,31,30],"R":404},{"C":[31,1708473600000,46366.6,32,1,31],"R":278},{"C":[32,1711497600000,64263.96,33,0,32],"R":278},{"C":[33,1683676800000,13148.5,34,33],"R":406},{"C":[34,2022,1623024000000,12256.97,35,34],"R":404},{"C":[35,2023,1635379200000,23213.52,36,35],"R":404},{"C":[36,2026,1713830400000,50239.11,37,36],"R":404},{"C":[37,2025,1712016000000,39496.19,38,37],"R":404},{"C":[38,2024,1674432000000,22089.57,39,38],"R":404},{"C":[39,2026,1721088000000,60543.31,40,39],"R":404},{"C":[40,1721174400000,13651.94,41,40],"R":406},{"C":[41,1721260800000,79489.15,42,1,41],"R":278},{"C":[42,1722902400000,13897.69,43,0,42],"R":278},{"C":[43,2023,1648080000000,36923.01,44,43],"R":404},{"C":[44,2026,1721779200000,31564.57,45,44],"R":404},{"C":[45,1721865600000,13651.94,46,45],"R":406},{"C":[46,1721692800000,45901.69,47,46],"R":406},{"C":[47,1722902400000,28638.71,48,47],"R":406},{"C":[48,1723420800000,42849.7,49,48],"R":406},{"C":[49,1723939200000,85638.12,50,49],"R":406},{"C":[50,1723075200000,34403.46,51,50],"R":406},{"C":[51,1724716800000,23745.85,52,51],"R":406},{"C":[52,33115.72,53,52],"R":414},{"C":[53,1721779200000,847709.12,54,53],"R":406},{"C":[54,24360.37,55,54],"R":414},{"C":[55,1723939200000,75517.94,56,55],"R":406},{"C":[56,45612.87,57,56],"R":414},{"C":[57,1724630400000,30989.65,58,57],"R":406},{"C":[58,1724112000000,68476.76,59,58],"R":406},{"C":[59,1723766400000,10208.28,60,59],"R":406},{"C":[60,1723939200000,281013.54,61,60],"R":406},{"C":[61,1721952000000,133918.88,62,61],"R":406},{"C":[62,2025,1710460800000,39395.43,63,1,62],"R":276},{"C":[63,2026,1718236800000,19159.29,64,2,63],"R":276},{"C":[64,2024,1664755200000,12229.23,65,0,64],"R":276},{"C":[65,2026,1725580800000,11034.74,66,65],"R":404},{"C":[66,2023,1648166400000,10166.17,67,66],"R":404},{"C":[67,2026,1725235200000,12753.17,68,67],"R":404},{"C":[68,1725321600000,41377.71,69,68],"R":406},{"C":[69,1725840000000,19281.65,70,69],"R":406},{"C":[70,1724803200000,11570.33,71,70],"R":406},{"C":[71,1725840000000,31706.63,72,71],"R":406},{"C":[72,1725494400000,23443.53,73,72],"R":406},{"C":[73,1726012800000,62055.03,74,73],"R":406},{"C":[74,1725321600000,17882.05,75,74],"R":406},{"C":[75,1725494400000,13400.08,76,75],"R":406},{"C":[76,1728518400000,21255.48,77,76],"R":406},{"C":[77,720788.77,78,77],"R":414},{"C":[78,11823.44,79,2,63],"R":286},{"C":[79,1729036800000,608086.63,80,0,78],"R":278},{"C":[80,1729468800000,35584.73,81,1,79],"R":278},{"C":[81,1729036800000,102400.6,82,0,80],"R":278},{"C":[82,2025,1706227200000,35446.2,83,81],"R":404},{"C":[83,1712016000000,16516.99,84,82],"R":406},{"C":[84,2024,1664496000000,96498.56,85,83],"R":404},{"C":[85,1675209600000,45939.99,86,84],"R":406},{"C":[86,2026,1729728000000,16243.7,87,85],"R":404},{"C":[87,1730246400000,33179.17,88,86],"R":406},{"C":[88,1732147200000,30994.12,89,87],"R":406},{"C":[89,1731542400000,16064.3,90,88],"R":406},{"C":[90,1731369600000,79200,91,89],"R":406},{"C":[91,1729728000000,22700.45,92,90],"R":406},{"C":[92,62702.69,93,91],"R":414},{"C":[93,1732492800000,11780.89,94,92],"R":406},{"C":[94,1729728000000,20848.02,95,93],"R":406},{"C":[95,1732838400000,41666.75,96,94],"R":406},{"C":[96,1729728000000,12327.72,97,95],"R":406},{"C":[97,1729641600000,66994.1,98,96],"R":406},{"C":[98,1727913600000,26148.84,99,97],"R":406},{"C":[99,1731024000000,58861.44,100,98],"R":406},{"C":["3006502-22.2024.8.06.0000",1729209600000,12103.1,101,99],"R":406},{"C":["3006221-66.2024.8.06.0000",1729728000000,23373.45,102,"R$31.493,21"],"R":406},{"C":["3006881-60.2024.8.06.0000",1728950400000,52216.77,103,"R$56.300,99"],"R":406},{"C":["3006560-25.2024.8.06.0000",1730246400000,29634.42,104,"R$36.451,03"],"R":406},{"C":["3007368-30.2024.8.06.0000",1732492800000,19914.47,105,"R$22.675,77"],"R":406},{"C":["3006945-70.2024.8.06.0000",1730764800000,15236.44,106,"R$19.559,60"],"R":406},{"C":["3006583-68.2024.8.06.0000",1730678400000,13078.71,107,"R$19.709,73"],"R":406},{"C":["3006921-42.2024.8.06.0000",1730419200000,13070.41,108,"R$17.941,67"],"R":406},{"C":["3004506-86.2024.8.06.0000",1719273600000,178551.54,109,"R$214.047,34"],"R":406},{"C":["3007070-38.2024.8.06.0000",1731542400000,39820.06,110,"R$52.833,67"],"R":406},{"C":["3007222-86.2024.8.06.0000",1732233600000,40594.89,111,"R$52.528,94"],"R":406},{"C":["3006890-22.2024.8.06.0000",1730246400000,24917.5,112,"R$39.431,43"],"R":406},{"C":["3007065-16.2024.8.06.0000",1731542400000,104695.68,113,"R$139.983,49"],"R":406},{"C":["3006907-58.2024.8.06.0000",1730246400000,12722.6,114,"R$16.202,20"],"R":406},{"C":["3006919-72.2024.8.06.0000",1,78120,115,"R$82.889,07"],"R":410},{"C":["3006580-16.2024.8.06.0000",0,1730678400000,66667.51,116,"R$81.386,80"],"R":402},{"C":["3007330-18.2024.8.06.0000",1732492800000,50304.84,117,"R$59.764,95"],"R":406},{"C":["3006559-40.2024.8.06.0000",1730246400000,63009.89,118,"R$78.825,83"],"R":406},{"C":["3006620-95.2024.8.06.0000",1730764800000,32020.18,119,"R$42.153,57"],"R":406},{"C":["3007885-35.2024.8.06.0000",1733356800000,129418.52,120,"R$159.187,81"],"R":406},{"C":["3006949-10.2024.8.06.0000",1730851200000,619434.32,121,"R$689.154,05"],"R":406},{"C":["3007845-53.2024.8.06.0000",1733356800000,13750.72,122,"R$15.780,24"],"R":406},{"C":["3001338-42.2025.8.06.0000",1736812800000,12217.31,123,"R$16.677,40"],"R":406},{"C":["3001232-80.2025.8.06.0000",1734566400000,13518.1,124,"R$16.350,70"],"R":406},{"C":["3006940-48.2024.8.06.0000",1730764800000,13236.25,125,"R$16.991,88"],"R":406},{"C":["3006954-32.2024.8.06.0000",1731024000000,35955.04,126,"R$38.767,32"],"R":406},{"C":["3007786-65.2024.8.06.0000",1733270400000,19534.31,127,"R$37.010,73"],"R":406},{"C":["3007661-97.2024.8.06.0000",1732838400000,17985.47,128,"R$19.556,56"],"R":406},{"C":["3004915-62.2024.8.06.0000",1721347200000,35045.12,129,1,"R$9.025,48"],"R":278},{"C":["3001151-68.2024.8.06.0000",2025,1709596800000,26660.38,130,0,"R$37.603,92"],"R":276},{"C":["3005094-93.2024.8.06.0000",2026,1722902400000,23212.55,131,"R$34.078,47"],"R":404},{"C":["0014365-42.2008.8.06.0000",2009,1213833600000,1,12462467.45,132,3,63],"R":260},{"C":["0009387-85.2009.8.06.0000",2010,1240876800000,497249.03,133],"R":916},{"C":["0004188-82.2009.8.06.0000",1,1235088000000,30587.45,134],"R":914},{"C":["0015024-17.2009.8.06.0000",1245715200000,1768785.38,135],"R":918},{"C":["0002558-54.2010.8.06.0000",2011,0,1264550400000,47993.29,136],"R":912},{"C":["8510130-91.2012.8.06.0000",2013,1,1338940800000,24666.86,137],"R":912},{"C":["8507993-05.2013.8.06.0000",2014,0,1369699200000,124108.09,138],"R":912},{"C":["8508008-71.2013.8.06.0000",148662.76,139],"R":926},{"C":["8508009-56.2013.8.06.0000",111098.31,140],"R":926},{"C":["8508907-69.2013.8.06.0000",1370908800000,179444.36,141],"R":918},{"C":["8502586-18.2013.8.06.0000",1,1361145600000,108234.57,142],"R":914},{"C":["0001711-13.2014.8.06.0000",2015,0,1403740800000,178319.36,143],"R":912},{"C":["0002190-06.2014.8.06.0000",2016,1409097600000,178824.92,144],"R":916},{"C":["0001441-52.2015.8.06.0000",1435622400000,74631.37,145],"R":918},{"C":["0000601-08.2016.8.06.0000",2017,1462233600000,244488.19,146],"R":916},{"C":["0000607-15.2016.8.06.0000",147],"R":958},{"C":["0000608-97.2016.8.06.0000",148],"R":958},{"C":["0000609-82.2016.8.06.0000",149],"R":958},{"C":["0000610-67.2016.8.06.0000",150],"R":958},{"C":["0000611-52.2016.8.06.0000",151],"R":958},{"C":["0000612-37.2016.8.06.0000",152],"R":958},{"C":["0000613-22.2016.8.06.0000",153],"R":958},{"C":["0000614-07.2016.8.06.0000",154],"R":958},{"C":["0000642-72.2016.8.06.0000",155],"R":958},{"C":["0000615-89.2016.8.06.0000",283820.27,156],"R":926},{"C":["0000616-74.2016.8.06.0000",157329.91,157],"R":926},{"C":["0001699-62.2015.8.06.0000",1,1442361600000,531320.3,158],"R":914},{"C":["0000510-78.2017.8.06.0000",2018,0,1492560000000,85931.98,159],"R":912},{"C":["0001079-45.2018.8.06.0000",2019,1529971200000,24731.21,160],"R":916},{"C":["0000733-94.2018.8.06.0000",1,1526860800000,10023.26,161],"R":914},{"C":["0000989-37.2018.8.06.0000",1527552000000,210094.59,162],"R":918},{"C":["0001129-71.2018.8.06.0000",2020,0,1531353600000,387166.14,163],"R":912},{"C":["0002135-16.2018.8.06.0000",1540252800000,92644.9,164],"R":918},{"C":["0002140-38.2018.8.06.0000",30285.48,165],"R":926},{"C":["0002142-08.2018.8.06.0000",159220.06,166],"R":926},{"C":["0002154-22.2018.8.06.0000",87102.61,167],"R":926},{"C":["0002156-89.2018.8.06.0000",110489.85,168],"R":926},{"C":["0000536-08.2019.8.06.0000",1549324800000,19869.08,169],"R":918},{"C":["0000646-07.2019.8.06.0000",1551139200000,236936,170],"R":918},{"C":["0000647-89.2019.8.06.0000",272208.06,171],"R":926},{"C":["0000655-66.2019.8.06.0000",282468.6,172],"R":926},{"C":["0000657-36.2019.8.06.0000",301434.46,173],"R":926},{"C":["0001282-70.2019.8.06.0000",1556582400000,1149601.68,174],"R":918},{"C":["0001283-55.2019.8.06.0000",1081409.17,175],"R":926},{"C":["0001794-53.2019.8.06.0000",1559260800000,1460443.78,176],"R":918},{"C":["0001798-90.2019.8.06.0000",1305690.67,177],"R":926},{"C":["0001799-75.2019.8.06.0000",1327867.08,178],"R":926},{"C":["0001800-60.2019.8.06.0000",1306564.65,179],"R":926},{"C":["0001801-45.2019.8.06.0000",1249204.14,180],"R":926},{"C":["0002063-92.2019.8.06.0000",1559779200000,41390.05,181],"R":918},{"C":["0002199-89.2019.8.06.0000",1560384000000,233084.14,182],"R":918},{"C":["0002203-29.2019.8.06.0000",205369.96,183],"R":926},{"C":["0002205-96.2019.8.06.0000",214034.06,184],"R":926},{"C":["0002212-88.2019.8.06.0000",251416.64,185],"R":926},{"C":["0002214-58.2019.8.06.0000",240940.9,186],"R":926},{"C":["0002231-94.2019.8.06.0000",300759.51,187],"R":926},{"C":["0002332-34.2019.8.06.0000",1561507200000,867996.14,188],"R":918},{"C":["0001981-95.2018.8.06.0000",1,1539216000000,10192.48,189],"R":914},{"C":["0002499-51.2019.8.06.0000",2021,0,1562544000000,431658.92,190],"R":912},{"C":["0002503-88.2019.8.06.0000",77952.59,191],"R":926},{"C":["0002703-95.2019.8.06.0000",1562803200000,24164.16,192],"R":918},{"C":["0002961-08.2019.8.06.0000",1565136000000,1169848.64,193],"R":918},{"C":["0002964-60.2019.8.06.0000",80130.37,194],"R":926},{"C":["0002992-28.2019.8.06.0000",964928.49,195],"R":926},{"C":["0003227-92.2019.8.06.0000",1566950400000,79502.31,196,1,"R$25.477,04"],"R":278},{"C":["0003228-77.2019.8.06.0000",82005.01,197,0,"R$152.488,56"],"R":286},{"C":["0003232-17.2019.8.06.0000",100104.22,198,3,63],"R":286},{"C":["0003328-32.2019.8.06.0000",1567641600000,21413.38,199],"R":918},{"C":["0003348-23.2019.8.06.0000",13351.35,200],"R":926},{"C":["0003361-22.2019.8.06.0000",1568073600000,34446.21,201],"R":918},{"C":["0003553-52.2019.8.06.0000",1569283200000,205912.83,202],"R":918},{"C":["0002058-70.2019.8.06.0000",1569542400000,455644.17,203,2],"R":790},{"C":["0003702-48.2019.8.06.0000",1570147200000,59585.35,204,0,"R$111.678,60"],"R":278},{"C":["0003812-47.2019.8.06.0000",1570665600000,73237.2,205,"R$132.951,60"],"R":406},{"C":["0003968-35.2019.8.06.0000",1572307200000,30210.55,206,"R$56.756,05"],"R":406},{"C":["0004105-17.2019.8.06.0000",1574294400000,1401438.3,207,2,63],"R":278},{"C":["0004109-54.2019.8.06.0000",118337.45,208,0,"R$220.032,80"],"R":286},{"C":["0004110-39.2019.8.06.0000",1411407.05,209,2,63],"R":286},{"C":["0004112-09.2019.8.06.0000",1439141.16,210,3],"R":798},{"C":["0000030-95.2020.8.06.0000",1574985600000,57966.17,211],"R":918},{"C":["0000037-87.2020.8.06.0000",1575504000000,57661.91,212,2],"R":790},{"C":["0000038-72.2020.8.06.0000",14020.29,213],"R":926},{"C":["0000041-27.2020.8.06.0000",14334.32,214],"R":926},{"C":["0000043-94.2020.8.06.0000",12269.42,215,3],"R":798},{"C":["0000046-49.2020.8.06.0000",9597.69,216,2],"R":798},{"C":["0000050-86.2020.8.06.0000",41962.81,217],"R":926},{"C":["0000049-04.2020.8.06.0000",29372.86,218],"R":926},{"C":["0000052-56.2020.8.06.0000",16711.71,219,0,"R$29.228,27"],"R":286},{"C":["0000057-78.2020.8.06.0000",13149.35,220,"R$22.550,51"],"R":414},{"C":["0000065-55.2020.8.06.0000",100462.54,221,"R$172.364,50"],"R":414},{"C":["0000066-40.2020.8.06.0000",48807.17,222,"R$38.680,59"],"R":414},{"C":["0000178-09.2020.8.06.0000",1576540800000,1029123.33,223,"R$1.875.491,59"],"R":406},{"C":["0000182-46.2020.8.06.0000",15651.7,224,"R$29.537,33"],"R":414},{"C":["0000299-37.2020.8.06.0000",1576627200000,310362.56,225,"R$528.091,47"],"R":406},{"C":["0000301-07.2020.8.06.0000",258000.52,226,"R$429.215,41"],"R":414},{"C":["0000312-36.2020.8.06.0000",1576713600000,237470.59,227,"R$494.174,92"],"R":406},{"C":["0000341-86.2020.8.06.0000",1578528000000,15812.22,228,"R$30.039,26"],"R":406},{"C":["0000369-54.2020.8.06.0000",1579132800000,37243.67,229,"R$70.438,65"],"R":406},{"C":["0000387-75.2020.8.06.0000",1580083200000,32638.53,230,"R$13.399,62"],"R":406},{"C":["0000466-54.2020.8.06.0000",1580860800000,41895.31,231,"R$71.021,57"],"R":406},{"C":[11,1581033600000,110833.86,232,11],"R":406},{"C":["0000476-98.2020.8.06.0000",433817.2,233,"R$837.809,46"],"R":414},{"C":["0000503-81.2020.8.06.0000",26444.81,234,"R$50.915,41"],"R":414},{"C":["0000581-75.2020.8.06.0000",1581465600000,22438.78,235,"R$43.009,74"],"R":406},{"C":["0000601-66.2020.8.06.0000",83451.19,236,"R$147.954,41"],"R":414},{"C":["0000606-88.2020.8.06.0000",48455.92,237,"R$87.130,37"],"R":414},{"C":["0000619-87.2020.8.06.0000",1581552000000,13060.68,238,"R$22.908,16"],"R":406},{"C":["0000625-94.2020.8.06.0000",94120.53,239,"R$164.115,18"],"R":414},{"C":["0000628-49.2020.8.06.0000",55739.13,240,"R$94.212,85"],"R":414},{"C":["0000629-34.2020.8.06.0000",32918,241,"R$57.351,91"],"R":414},{"C":["0000633-71.2020.8.06.0000",1581984000000,19869,242,"R$34.849,01"],"R":406},{"C":["0000648-40.2020.8.06.0000",1582070400000,12258.07,243,"R$22.810,87"],"R":406},{"C":["0000652-77.2020.8.06.0000",10607.83,244,"R$18.718,12"],"R":414},{"C":["0000653-62.2020.8.06.0000",153503.17,245,"R$345.250,73"],"R":414},{"C":["0000655-32.2020.8.06.0000",1582156800000,12759.85,246,"R$21.141,51"],"R":406},{"C":["0000750-62.2020.8.06.0000",1582243200000,9280.59,247,"R$16.774,06"],"R":406},{"C":["0000791-29.2020.8.06.0000",1583366400000,52819.2,248,"R$48.708,75"],"R":406},{"C":["0000955-91.2020.8.06.0000",1583712000000,116024.56,249,"R$190.071,59"],"R":406},{"C":["0000995-73.2020.8.06.0000",1587513600000,12505.34,250,"R$24.871,95"],"R":406},{"C":["0001006-05.2020.8.06.0000",1587600000000,47804.79,251,"R$84.683,42"],"R":406},{"C":["0001010-42.2020.8.06.0000",26850.7,252,"R$45.877,26"],"R":414},{"C":["0001013-94.2020.8.06.0000",9087.97,253,"R$15.689,68"],"R":414},{"C":["0001014-79.2020.8.06.0000",21776.67,254,"R$38.078,40"],"R":414},{"C":["0001015-64.2020.8.06.0000",11916.21,255,"R$22.555,93"],"R":414},{"C":["0001042-47.2020.8.06.0000",1588550400000,16825.14,256,"R$30.196,47"],"R":406},{"C":["0001050-24.2020.8.06.0000",1589241600000,50093.96,257,"R$87.518,95"],"R":406},{"C":["0001052-91.2020.8.06.0000",17674.86,258,"R$30.062,11"],"R":414},{"C":["0001056-31.2020.8.06.0000",15372.2,259,"R$26.188,21"],"R":414},{"C":["0001062-38.2020.8.06.0000",14036.47,260,"R$23.859,85"],"R":414},{"C":["0001080-59.2020.8.06.0000",1589328000000,10063.09,261,"R$16.814,37"],"R":406},{"C":["0001081-44.2020.8.06.0000",36605.77,262,"R$61.359,92"],"R":414},{"C":["0001082-29.2020.8.06.0000",16381.07,263,"R$26.982,82"],"R":414},{"C":["0001102-20.2020.8.06.0000",1589500800000,12428.22,264,"R$23.797,68"],"R":406},{"C":["0001494-57.2020.8.06.0000",1593043200000,6585.54,265,"R$11.947,69"],"R":406},{"C":["0001503-19.2020.8.06.0000",37248.11,266,"R$64.798,84"],"R":414},{"C":["0001504-04.2020.8.06.0000",11084.29,267,"R$21.266,78"],"R":414},{"C":["0003215-78.2019.8.06.0000",1,1566950400000,1428089.69,268,"R$3.336.729,81"],"R":402},{"C":["0003308-41.2019.8.06.0000",1567641600000,22474.06,269,"R$42.540,65"],"R":406},{"C":["0003547-45.2019.8.06.0000",1569283200000,30379.55,270,"R$53.196,82"],"R":406},{"C":["0003879-12.2019.8.06.0000",1570752000000,16730.44,271,"R$30.495,69"],"R":406},{"C":["0000474-31.2020.8.06.0000",1581033600000,6377473.81,272,"R$10.953.524,95"],"R":406},{"C":["0000538-41.2020.8.06.0000",1581465600000,50669.04,273,"R$108.639,50"],"R":406},{"C":["0001105-72.2020.8.06.0000",1589500800000,155251.86,274,"R$254.330,86"],"R":406},{"C":["0001345-61.2020.8.06.0000",1591920000000,7081.91,275,"R$11.514,09"],"R":406},{"C":["0001468-59.2020.8.06.0000",1592784000000,47300.86,276,"R$86.543,65"],"R":406},{"C":["0001603-71.2020.8.06.0000",1593475200000,573146.39,277,"R$955.991,07"],"R":406},{"C":["0001685-05.2020.8.06.0000",2022,0,1594080000000,8692.7,278,"R$16.788,73"],"R":400},{"C":["0001718-92.2020.8.06.0000",1594598400000,27296.45,279,"R$48.033,41"],"R":406},{"C":["0001733-61.2020.8.06.0000",639785.42,280,"R$660.151,37"],"R":414},{"C":["0001859-14.2020.8.06.0000",1595289600000,50058.46,281,"R$88.108,35"],"R":406},{"C":["0001872-13.2020.8.06.0000",282],"R":958},{"C":["0001880-87.2020.8.06.0000",283],"R":958},{"C":["0001892-04.2020.8.06.0000",1595462400000,48020.33,284,"R$78.733,26"],"R":406},{"C":["0001903-33.2020.8.06.0000",36088.53,285,"R$58.295,68"],"R":414},{"C":["0001929-31.2020.8.06.0000",39032.62,286,"R$63.272,05"],"R":414},{"C":["0001934-53.2020.8.06.0000",13769.89,287,"R$25.002,16"],"R":414},{"C":["0002009-92.2020.8.06.0000",1597104000000,19015.77,288,"R$31.242,27"],"R":406},{"C":["0002022-91.2020.8.06.0000",252089.71,289,"R$419.382,62"],"R":414},{"C":["0002044-52.2020.8.06.0000",1598313600000,86927,290,"R$167.887,29"],"R":406},{"C":["0002161-43.2020.8.06.0000",1598572800000,92210.61,291,"R$207.474,60"],"R":406},{"C":["0002223-83.2020.8.06.0000",1598918400000,16611.9,292,"R$32.732,36"],"R":406},{"C":["0002226-38.2020.8.06.0000",32954.8,293,"R$53.889,57"],"R":414},{"C":["0002231-60.2020.8.06.0000",10094.42,294,"R$19.630,30"],"R":414},{"C":["0002233-30.2020.8.06.0000",8990,295,"R$17.197,84"],"R":414},{"C":["0002236-82.2020.8.06.0000",10200.93,296,"R$17.422,28"],"R":414},{"C":["0002243-74.2020.8.06.0000",11739.99,297,"R$20.593,77"],"R":414},{"C":["0002249-81.2020.8.06.0000",53453.72,298,"R$105.326,07"],"R":414},{"C":["0002264-50.2020.8.06.0000",58760.39,299,"R$99.489,82"],"R":414},{"C":["0002265-35.2020.8.06.0000",15141.43,300,"R$34.584,53"],"R":414},{"C":["0002272-27.2020.8.06.0000",17469.19,301,"R$30.255,18"],"R":414},{"C":["0002271-42.2020.8.06.0000",55915.9,302,"R$95.152,10"],"R":414},{"C":["0002283-56.2020.8.06.0000",1599004800000,11478.57,303,"R$19.858,45"],"R":406},{"C":["0002288-78.2020.8.06.0000",18741.77,304,"R$35.387,45"],"R":414},{"C":["0002289-63.2020.8.06.0000",1599091200000,478669.02,305,"R$836.872,59"],"R":406},{"C":["0002290-48.2020.8.06.0000",572122.45,306,"R$1.000.340,23"],"R":414},{"C":["0002291-33.2020.8.06.0000",527417.71,307,"R$922.694,41"],"R":414},{"C":["0002292-18.2020.8.06.0000",216166.7,308,"R$377.989,58"],"R":414},{"C":["0002293-03.2020.8.06.0000",578661.31,309,"R$1.011.748,35"],"R":414},{"C":["0002294-85.2020.8.06.0000",211306.18,310,"R$369.424,74"],"R":414},{"C":["0002295-70.2020.8.06.0000",467328.78,311,"R$816.780,12"],"R":414},{"C":["0002296-55.2020.8.06.0000",390687.22,312,"R$635.902,03"],"R":414},{"C":["0002297-40.2020.8.06.0000",591680.67,313,"R$1.034.778,82"],"R":414},{"C":["0002299-10.2020.8.06.0000",393903.47,314,"R$688.747,02"],"R":414},{"C":["0002300-92.2020.8.06.0000",385351.05,315,"R$674.774,98"],"R":414},{"C":["0002303-47.2020.8.06.0000",538507.54,316,"R$942.409,08"],"R":414},{"C":["0002304-32.2020.8.06.0000",662279.24,317,"R$1.158.193,41"],"R":414},{"C":["0002305-17.2020.8.06.0000",357693.25,318,"R$625.758,63"],"R":414},{"C":["0002307-84.2020.8.06.0000",573054.41,319,"R$1.001.811,55"],"R":414},{"C":["0002308-69.2020.8.06.0000",581336.93,320,"R$1.016.350,59"],"R":414},{"C":["0002309-54.2020.8.06.0000",220550.8,321,"R$385.628,06"],"R":414},{"C":["0002312-09.2020.8.06.0000",390358.88,322,"R$635.476,68"],"R":414},{"C":["0002313-91.2020.8.06.0000",214848.28,323,"R$375.662,32"],"R":414},{"C":["0002314-76.2020.8.06.0000",568357.66,324,"R$993.878,10"],"R":414},{"C":["0002315-61.2020.8.06.0000",537048.76,325,"R$938.588,62"],"R":414},{"C":["0002317-31.2020.8.06.0000",669017.09,326,"R$1.169.442,43"],"R":414},{"C":["0002318-16.2020.8.06.0000",691989.68,327,"R$1.208.355,81"],"R":414},{"C":["0002319-98.2020.8.06.0000",673809.2,328,"R$1.177.764,20"],"R":414},{"C":["0002320-83.2020.8.06.0000",502366.48,329,"R$817.878,71"],"R":414},{"C":["0002322-53.2020.8.06.0000",474586.82,330,"R$829.939,47"],"R":414},{"C":["0002324-23.2020.8.06.0000",215364.66,331,"R$376.523,46"],"R":414},{"C":["0002325-08.2020.8.06.0000",521500.64,332,"R$912.394,14"],"R":414},{"C":["0002326-90.2020.8.06.0000",547688.5,333,"R$891.392,94"],"R":414},{"C":["0002328-60.2020.8.06.0000",556543.52,334,"R$972.855,01"],"R":414},{"C":["0002329-45.2020.8.06.0000",530245.36,335,"R$927.193,31"],"R":414},{"C":["0002332-97.2020.8.06.0000",657688.01,336,"R$1.149.653,15"],"R":414},{"C":["0002331-15.2020.8.06.0000",305420.15,337,"R$533.996,15"],"R":414},{"C":["0002334-67.2020.8.06.0000",501987.63,338,"R$878.221,48"],"R":414},{"C":["0002335-52.2020.8.06.0000",606018.03,339,"R$1.058.556,07"],"R":414},{"C":["0002337-22.2020.8.06.0000",222787.69,340,"R$389.550,31"],"R":414},{"C":["0002338-07.2020.8.06.0000",193883.02,341,"R$338.445,78"],"R":414},{"C":["0002344-14.2020.8.06.0000",571081.56,342,"R$998.517,55"],"R":414},{"C":["0002345-96.2020.8.06.0000",224715.79,343,"R$392.954,92"],"R":414},{"C":["0002346-81.2020.8.06.0000",490709.86,344,"R$857.879,07"],"R":414},{"C":["0002347-66.2020.8.06.0000",155876.45,345,"R$272.453,79"],"R":414},{"C":["0002348-51.2020.8.06.0000",679838.2,346,"R$1.188.354,87"],"R":414},{"C":["0002351-06.2020.8.06.0000",341168.38,347,"R$597.166,27"],"R":414},{"C":["0002352-88.2020.8.06.0000",469128.92,348,"R$820.287,66"],"R":414},{"C":["0002354-58.2020.8.06.0000",225281.79,349,"R$393.920,79"],"R":414},{"C":["0002356-28.2020.8.06.0000",374115.98,350,"R$654.063,73"],"R":414},{"C":["0002358-95.2020.8.06.0000",211305.6,351,"R$369.423,70"],"R":414},{"C":["0002364-05.2020.8.06.0000",219018.57,352,"R$379.793,07"],"R":414},{"C":["0002365-87.2020.8.06.0000",213039.34,353,"R$372.454,81"],"R":414},{"C":["0002366-72.2020.8.06.0000",572495.08,354,"R$1.001.045,30"],"R":414},{"C":["0002368-42.2020.8.06.0000",464674.48,355,"R$812.449,81"],"R":414},{"C":["0002369-27.2020.8.06.0000",557798.31,356,"R$974.852,87"],"R":414},{"C":["0002373-64.2020.8.06.0000",469068.96,357,"R$819.941,41"],"R":414},{"C":["0002374-49.2020.8.06.0000",271441.57,358,"R$474.318,95"],"R":414},{"C":["0002375-34.2020.8.06.0000",571489.42,359,"R$999.376,78"],"R":414},{"C":["0002376-19.2020.8.06.0000",267782.4,360,"R$467.936,94"],"R":414},{"C":["0002379-71.2020.8.06.0000",675314.4,361,"R$1.180.617,33"],"R":414},{"C":["0002385-78.2020.8.06.0000",528681.49,362,"R$923.863,67"],"R":414},{"C":["0002386-63.2020.8.06.0000",502818.21,363,"R$879.397,57"],"R":414},{"C":["0002387-48.2020.8.06.0000",630186.12,364,"R$1.101.877,49"],"R":414},{"C":["0002388-33.2020.8.06.0000",543189.92,365,"R$949.333,69"],"R":414},{"C":["0002389-18.2020.8.06.0000",211995.33,366,"R$370.667,17"],"R":414},{"C":["0002399-62.2020.8.06.0000",216329.11,367,"R$378.208,43"],"R":414},{"C":["0002400-47.2020.8.06.0000",351730.79,368,"R$614.307,85"],"R":414},{"C":["0002401-32.2020.8.06.0000",453789.27,369,"R$793.355,76"],"R":414},{"C":["0002402-17.2020.8.06.0000",223631.24,370,"R$390.993,24"],"R":414},{"C":["0002403-02.2020.8.06.0000",809770.79,371,"R$1.423.982,08"],"R":414},{"C":["0002406-54.2020.8.06.0000",13002.89,372,"R$23.105,71"],"R":414},{"C":["0002407-39.2020.8.06.0000",25323.86,373,"R$42.893,29"],"R":414},{"C":["0002411-76.2020.8.06.0000",12963.85,374,"R$22.447,39"],"R":414},{"C":["0002413-46.2020.8.06.0000",11575.3,375,"R$18.826,16"],"R":414},{"C":["0002416-98.2020.8.06.0000",39822.48,376,"R$67.694,30"],"R":414},{"C":["0002417-83.2020.8.06.0000",27292.89,377,"R$44.902,23"],"R":414},{"C":["0002418-68.2020.8.06.0000",28379.78,378,"R$49.580,16"],"R":414},{"C":["0002420-38.2020.8.06.0000",19069.21,379,"R$33.215,05"],"R":414},{"C":["0002423-90.2020.8.06.0000",42072.15,380,"R$68.901,45"],"R":414},{"C":["0002425-60.2020.8.06.0000",21304.18,381,"R$34.583,11"],"R":414},{"C":["0002428-15.2020.8.06.0000",115753.02,382,"R$188.261,69"],"R":414},{"C":["0002459-35.2020.8.06.0000",1600214400000,14173.28,383,"R$25.687,84"],"R":406},{"C":["0002468-94.2020.8.06.0000",1600387200000,111883,384,"R$188.031,08"],"R":406},{"C":["0002475-86.2020.8.06.0000",1600905600000,158889.11,385,"R$382.864,84"],"R":406},{"C":["0002533-89.2020.8.06.0000",1601510400000,34712.89,386,"R$64.947,89"],"R":406},{"C":["0002534-74.2020.8.06.0000",36205.13,387,"R$64.035,01"],"R":414},{"C":["0002638-66.2020.8.06.0000",1602633600000,556049.55,388,1,"R$1.077.596,58"],"R":278},{"C":[17,55604.95,389,0,17],"R":286},{"C":["0002645-58.2020.8.06.0000",13782.56,390,"R$26.444,45"],"R":414},{"C":["0002650-80.2020.8.06.0000",66346.47,391,"R$106.532,32"],"R":414},{"C":["0002659-42.2020.8.06.0000",1603152000000,8107.41,392,"R$16.767,13"],"R":406},{"C":["0002677-63.2020.8.06.0000",1603324800000,10962.43,393,"R$19.565,85"],"R":406},{"C":["0002771-11.2020.8.06.0000",1603929600000,36788.18,394,"R$60.209,60"],"R":406},{"C":["0002775-48.2020.8.06.0000",11364.09,395,"R$19.846,38"],"R":414},{"C":["0002806-68.2020.8.06.0000",1605052800000,28777.54,396,"R$46.665,17"],"R":406},{"C":["0002809-23.2020.8.06.0000",57240,397,1,"R$66.523,87"],"R":286},{"C":["0000009-85.2021.8.06.0000",1606262400000,31785.13,398,0,"R$57.159,96"],"R":278},{"C":["0000012-40.2021.8.06.0000",7289.04,399,"R$12.359,30"],"R":414},{"C":["0000014-10.2021.8.06.0000",40315.56,400,"R$72.773,49"],"R":414},{"C":["0000018-47.2021.8.06.0000",12282.84,401,"R$20.827,62"],"R":414},{"C":["0000021-02.2021.8.06.0000",1606435200000,21441.15,402,"R$35.049,03"],"R":406},{"C":["0000023-69.2021.8.06.0000",38743.91,403,"R$67.606,68"],"R":414},{"C":["0000045-30.2021.8.06.0000",1607472000000,20075.63,404,"R$36.333,02"],"R":406},{"C":["0000056-59.2021.8.06.0000",1607558400000,18344.21,405,"R$28.624,59"],"R":406},{"C":["0000122-39.2021.8.06.0000",1608163200000,1155566.24,406,"R$2.297.519,53"],"R":406},{"C":["0000123-24.2021.8.06.0000",1177960.34,407,"R$2.342.551,61"],"R":414},{"C":["0000124-09.2021.8.06.0000",1156153.48,408,"R$2.298.707,27"],"R":414},{"C":["0000125-91.2021.8.06.0000",1156327.15,409,"R$2.299.051,80"],"R":414},{"C":["0000126-76.2021.8.06.0000",1175774.91,410,"R$2.338.158,12"],"R":414},{"C":["0000127-61.2021.8.06.0000",582178.21,411,"R$1.157.598,83"],"R":414},{"C":["0000158-81.2021.8.06.0000",1610323200000,10441.42,412,"R$20.894,66"],"R":406},{"C":["0000174-35.2021.8.06.0000",1610496000000,6139.92,413,"R$10.395,08"],"R":406},{"C":["0000187-34.2021.8.06.0000",1611014400000,91186.01,414,"R$165.567,57"],"R":406},{"C":["0000193-41.2021.8.06.0000",29881.98,415,"R$46.117,07"],"R":414},{"C":["0000237-60.2021.8.06.0000",108963.98,416,"R$194.185,08"],"R":414},{"C":["0000243-67.2021.8.06.0000",1611273600000,12391.89,417,"R$21.203,78"],"R":406},{"C":["0000246-22.2021.8.06.0000",76015.91,418,"R$137.402,42"],"R":414},{"C":["0000263-58.2021.8.06.0000",1611619200000,43606.64,419,"R$71.832,75"],"R":406},{"C":["0000430-75.2021.8.06.0000",1613433600000,45570.52,420,"R$71.325,29"],"R":406},{"C":["0000465-35.2021.8.06.0000",11320.15,421,"R$19.460,10"],"R":414},{"C":["0000466-20.2021.8.06.0000",14865.33,422,"R$20.457,81"],"R":414},{"C":["0000468-87.2021.8.06.0000",16830.16,423,"R$23.156,63"],"R":414},{"C":["0000519-98.2021.8.06.0000",1613520000000,68112.95,424,"R$113.371,29"],"R":406},{"C":["0000522-53.2021.8.06.0000",71735.47,425,"R$130.258,63"],"R":414},{"C":["0000524-23.2021.8.06.0000",94769.21,426,"R$149.178,38"],"R":414},{"C":["0000557-13.2021.8.06.0000",1613952000000,71884.77,427,"R$129.424,93"],"R":406},{"C":["0000600-47.2021.8.06.0000",1614297600000,21355.56,428,"R$34.760,30"],"R":406},{"C":["0000610-91.2021.8.06.0000",70699.32,429,"R$91.493,61"],"R":414},{"C":["0000658-50.2021.8.06.0000",1614729600000,16715.46,430,"R$30.516,81"],"R":406},{"C":["0000710-46.2021.8.06.0000",1615334400000,12779.13,431,"R$19.969,32"],"R":406},{"C":["0000724-30.2021.8.06.0000",1615852800000,16618.41,432,"R$39.652,08"],"R":406},{"C":["0000729-52.2021.8.06.0000",1615939200000,9742.88,433,"R$16.873,85"],"R":406},{"C":["0000731-22.2021.8.06.0000",1616025600000,43268.3,434,"R$85.977,53"],"R":406},{"C":["0000866-34.2021.8.06.0000",1617148800000,124791.04,435,"R$239.723,59"],"R":406},{"C":["0000868-04.2021.8.06.0000",91773.07,436,"R$111.207,36"],"R":414},{"C":["0000885-40.2021.8.06.0000",15713.51,437,"R$24.536,35"],"R":414},{"C":["0000965-04.2021.8.06.0000",1617580800000,29690.68,438,"R$60.392,29"],"R":406},{"C":["0000966-86.2021.8.06.0000",18104.52,439,"R$40.676,53"],"R":414},{"C":["0000979-85.2021.8.06.0000",1617667200000,8929.93,440,"R$11.831,92"],"R":406},{"C":["0000993-69.2021.8.06.0000",1617753600000,17680.14,441,"R$23.681,53"],"R":406},{"C":["0000995-39.2021.8.06.0000",9225.76,442,"R$15.029,42"],"R":414},{"C":["0000998-91.2021.8.06.0000",17370.11,443,"R$30.346,00"],"R":414},{"C":["0001000-61.2021.8.06.0000",25893.85,444,"R$42.201,45"],"R":414},{"C":["0001006-68.2021.8.06.0000",61907.92,445,"R$220.480,04"],"R":414},{"C":["0001094-09.2021.8.06.0000",1618531200000,18073.89,446,"R$30.484,17"],"R":406},{"C":["0001098-46.2021.8.06.0000",1618790400000,9964.88,447,"R$15.570,74"],"R":406},{"C":["0001101-98.2021.8.06.0000",1618876800000,13211.96,448,"R$23.177,77"],"R":406},{"C":["0001102-83.2021.8.06.0000",42744.29,449,"R$59.810,90"],"R":414},{"C":["0001106-23.2021.8.06.0000",1619222400000,10804.83,450,"R$20.713,43"],"R":406},{"C":["0001109-75.2021.8.06.0000",31597.01,451,"R$56.316,95"],"R":414},{"C":["0001112-30.2021.8.06.0000",25914.3,452,"R$45.329,63"],"R":414},{"C":["0001114-97.2021.8.06.0000",22958.27,453,"R$40.229,50"],"R":414},{"C":["0001115-82.2021.8.06.0000",10282.51,454,"R$17.108,06"],"R":414},{"C":["0001116-67.2021.8.06.0000",49918.85,455,"R$78.220,85"],"R":414},{"C":["0001123-59.2021.8.06.0000",10464.74,456,"R$17.877,87"],"R":414},{"C":["0001176-40.2021.8.06.0000",1619654400000,7308.77,457,"R$11.251,88"],"R":406},{"C":["0001201-53.2021.8.06.0000",641079.33,458,"R$1.263.165,18"],"R":414},{"C":["0001210-15.2021.8.06.0000",33056.25,459,"R$53.618,05"],"R":414},{"C":["0001212-82.2021.8.06.0000",15540.72,460,"R$20.060,49"],"R":414},{"C":["0001233-58.2021.8.06.0000",436039.55,461,"R$840.356,34"],"R":414},{"C":["0001232-73.2021.8.06.0000",386606.88,462,"R$745.101,02"],"R":414},{"C":["0001243-05.2021.8.06.0000",329389.09,463,"R$634.844,00"],"R":414},{"C":["0001235-28.2021.8.06.0000",48004.12,464,"R$75.098,36"],"R":414},{"C":["0001238-80.2021.8.06.0000",1619740800000,13320.5,465,"R$23.069,99"],"R":406},{"C":["0001240-50.2021.8.06.0000",10014.26,466,"R$16.268,45"],"R":414},{"C":["0001242-20.2021.8.06.0000",20330,467,"R$34.533,49"],"R":414},{"C":["0001248-27.2021.8.06.0000",11888.05,468,"R$18.618,18"],"R":414},{"C":["0001249-12.2021.8.06.0000",11429.65,469,"R$14.459,63"],"R":414},{"C":["0001250-94.2021.8.06.0000",1620000000000,115203.55,470,"R$222.030,13"],"R":406},{"C":["0001258-71.2021.8.06.0000",1620086400000,25697.27,471,"R$67.892,91"],"R":406},{"C":["0001299-38.2021.8.06.0000",1620345600000,63510.78,472,"R$142.105,29"],"R":406},{"C":["0001300-23.2021.8.06.0000",473],"R":958},{"C":["0001342-72.2021.8.06.0000",1620691200000,3537281.85,474,"R$5.512.226,57"],"R":406},{"C":["0001354-86.2021.8.06.0000",12173.52,475,"R$19.149,97"],"R":414},{"C":["0001349-64.2021.8.06.0000",12070.83,476,"R$23.218,00"],"R":414},{"C":["0001352-19.2021.8.06.0000",1620777600000,11059.62,477,"R$14.304,92"],"R":406},{"C":["0001367-85.2021.8.06.0000",1620864000000,45800.92,478,"R$81.389,85"],"R":406},{"C":["0001379-02.2021.8.06.0000",1621468800000,11712.95,479,"R$20.140,16"],"R":406},{"C":["0001385-09.2021.8.06.0000",1621555200000,17461.37,480,"R$30.179,12"],"R":406},{"C":["0001388-61.2021.8.06.0000",13401.84,481,"R$22.127,29"],"R":414},{"C":["0001389-46.2021.8.06.0000",75157.6,482,"R$114.713,00"],"R":414},{"C":["0001394-68.2021.8.06.0000",1621814400000,58023.67,483,"R$96.692,30"],"R":406},{"C":["0001426-73.2021.8.06.0000",1622419200000,43482.73,484,"R$67.886,70"],"R":406},{"C":["0001445-79.2021.8.06.0000",1622592000000,33300.28,485,"R$57.593,33"],"R":406},{"C":[34,1623024000000,12256.97,486,34],"R":406},{"C":["0001502-97.2021.8.06.0000",12073.38,487,"R$20.220,07"],"R":414},{"C":["0001505-52.2021.8.06.0000",23133.39,488,"R$38.803,28"],"R":414},{"C":["0001509-89.2021.8.06.0000",26168.17,489,"R$43.877,90"],"R":414},{"C":["0001507-22.2021.8.06.0000",49658.87,490,"R$138.159,59"],"R":414},{"C":["0001531-50.2021.8.06.0000",1623283200000,36239.88,491,"R$61.892,36"],"R":406},{"C":["0001582-61.2021.8.06.0000",1623369600000,33043.15,492,"R$52.472,42"],"R":406},{"C":["0001583-46.2021.8.06.0000",36719.4,493,"R$69.582,08"],"R":414},{"C":["0001585-16.2021.8.06.0000",1623628800000,269951.52,494,"R$547.543,53"],"R":406},{"C":["0001586-98.2021.8.06.0000",11022.45,495,"R$16.823,56"],"R":414},{"C":["0001611-14.2021.8.06.0000",1623974400000,51207,496,"R$91.388,18"],"R":406},{"C":["0001613-81.2021.8.06.0000",341379.99,497,"R$609.254,51"],"R":414},{"C":["0001615-51.2021.8.06.0000",498],"R":958},{"C":["0001617-21.2021.8.06.0000",499],"R":958},{"C":["0001637-12.2021.8.06.0000",1624320000000,33043.15,500,"R$52.472,42"],"R":406}]}],"IC":false,"RT":[["500L","'0001637-12.2021.8.06.0000'","2022L","'Alimentar'","datetime'2021-06-22T00:00:00'","'Orçamentário'","33043.15D","'Cadastrado'","'COMARCA DE FORTALEZA'","'R$52.472,42'"]],"ValueDicts":{"D0":["3003313-36.2024.8.06.0000","0003515-98.2023.8.06.0000","3003468-39.2024.8.06.0000","3003792-29.2024.8.06.0000","3004153-46.2024.8.06.0000","0003037-90.2023.8.06.0000","0002353-39.2021.8.06.0000","3001935-45.2024.8.06.0000","3000453-62.2024.8.06.0000","0002285-55.2022.8.06.0000","3004504-19.2024.8.06.0000","0000471-76.2020.8.06.0000","0000708-42.2022.8.06.0000","0000029-08.2023.8.06.0000","3002930-58.2024.8.06.0000","3001942-37.2024.8.06.0000","3001934-60.2024.8.06.0000","0002640-36.2020.8.06.0000","3002733-06.2024.8.06.0000","3004514-63.2024.8.06.0000","3004515-48.2024.8.06.0000","3004520-70.2024.8.06.0000","3004624-62.2024.8.06.0000","0000056-88.2023.8.06.0000","3004595-12.2024.8.06.0000","0001980-71.2022.8.06.0000","3004764-96.2024.8.06.0000","3004868-88.2024.8.06.0000","3000812-12.2024.8.06.0000","0000886-54.2023.8.06.0000","3001415-85.2024.8.06.0000","3000820-86.2024.8.06.0000","3001801-18.2024.8.06.0000","0002831-76.2023.8.06.0000","0001500-30.2021.8.06.0000","0000258-02.2022.8.06.0000","3002731-36.2024.8.06.0000","3002136-37.2024.8.06.0000","0000874-40.2023.8.06.0000","3004872-28.2024.8.06.0000","3004899-11.2024.8.06.0000","3004903-48.2024.8.06.0000","3005100-03.2024.8.06.0000","0001303-41.2022.8.06.0000","3004931-16.2024.8.06.0000","3004943-30.2024.8.06.0000","3004959-81.2024.8.06.0000","3005099-18.2024.8.06.0000","3005276-79.2024.8.06.0000","3005313-09.2024.8.06.0000","3005183-19.2024.8.06.0000","3005387-63.2024.8.06.0000","3005382-41.2024.8.06.0000","3005147-74.2024.8.06.0000","3004928-61.2024.8.06.0000","3005300-10.2024.8.06.0000","3005324-38.2024.8.06.0000","3005369-42.2024.8.06.0000","3005344-29.2024.8.06.0000","3005298-40.2024.8.06.0000","3005322-68.2024.8.06.0000","3004978-87.2024.8.06.0000","3001444-38.2024.8.06.0000","3004201-05.2024.8.06.0000","0000025-68.2023.8.06.0000","3005537-44.2024.8.06.0000","0001313-85.2022.8.06.0000","3005412-76.2024.8.06.0000","3005443-96.2024.8.06.0000","3005526-15.2024.8.06.0000","3005395-40.2024.8.06.0000","3005547-88.2024.8.06.0000","3005470-79.2024.8.06.0000","3005564-27.2024.8.06.0000","3005452-58.2024.8.06.0000","3005464-72.2024.8.06.0000","3005971-33.2024.8.06.0000","3005977-40.2024.8.06.0000","3005972-18.2024.8.06.0000","3006041-50.2024.8.06.0000","3006151-49.2024.8.06.0000","3006042-35.2024.8.06.0000","3000501-21.2024.8.06.0000","3002075-79.2024.8.06.0000","0000017-91.2023.8.06.0000","0000979-17.2023.8.06.0000","3006514-36.2024.8.06.0000","3006561-10.2024.8.06.0000","3007131-93.2024.8.06.0000","3007052-17.2024.8.06.0000","3007043-55.2024.8.06.0000","3006205-15.2024.8.06.0000","3006211-22.2024.8.06.0000","3007355-31.2024.8.06.0000","3006215-59.2024.8.06.0000","3007660-15.2024.8.06.0000","3006219-96.2024.8.06.0000","3006168-85.2024.8.06.0000","3005890-84.2024.8.06.0000","3006953-47.2024.8.06.0000"],"D1":["Alimentar","Comum"],"D2":["Preferencial","Orçamentário"],"D3":["Cadastrado","Em Pagamento Parcelado","Pago","Provisionamento Total"],"D4":["COMARCA DE FORTALEZA"],"D5":["R$361.354,01","R$146.380,67","R$180.033,92","R$56.494,09","R$50.852,28","R$75.319,96","R$22.551,36","R$74.464,86","R$36.705,87","R$1.930.992,42","R$556.635,96","R$274.428,17","R$9.870,66","R$35.969,10","R$51.979,18","R$94.731,82","R$23.226,16","R$129.838,90","R$45.453,20","R$124.113,66","R$214.370,91","R$1.391.226,77","R$64.569,68","R$1.422.214,73","R$128.930,64","R$215.377,02","R$56.548,45","R$93.594,60","R$29.942,41","R$73.184,50","R$18.909,76","R$25.511,45","R$82.459,17","R$17.714,83","R$20.523,53","R$34.461,13","R$60.766,29","R$57.817,80","R$29.336,10","R$84.556,80","R$15.687,90","R$63.085,35","R$17.257,74","R$53.966,07","R$41.182,99","R$15.700,51","R$74.383,83","R$35.562,70","R$64.984,28","R$126.929,83","R$49.971,14","R$31.260,67","R$42.934,06","R$1.361.741,75","R$31.783,51","R$104.216,50","R$60.047,93","R$47.888,47","R$75.572,20","R$14.012,84","R$412.898,43","R$166.296,50","R$13.477,15","-","R$18.226,32","R$13.471,06","R$16.040,30","R$17.408,88","R$47.777,83","R$23.716,88","R$16.056,77","R$36.103,01","R$40.474,63","R$70.055,12","R$24.415,00","R$24.496,66","R$25.709,39","R$917.922,48","R$774.396,62","R$8.497,87","R$130.406,88","R$43.492,78","R$23.954,07","R$131.108,70","R$56.616,99","R$18.071,99","R$37.779,73","R$54.427,36","R$31.326,11","R$90.889,44","R$29.884,44","R$84.485,14","R$16.867,77","R$25.521,59","R$49.950,04","R$13.552,07","R$80.672,29","R$33.792,86","R$75.562,68","R$19.448,28"]}}]}}}}]}