{"jobIds":["3f6e9bce-a6a0-4129-b910-8df9e45d3157"],"results":[{"jobId":"3f6e9bce-a6a0-4129-b910-8df9e45d3157","result":{"data":{"timestamp":"2025-10-21T18:14:59.829Z","rootActivityId":"45457abd-75db-499b-88ae-9822b4cff7ca","descriptor":{"Select":[{"Kind":1,"Depth":0,"Value":"G0","Format":"0","GroupKeys":[{"Source":{"Entity":"CONSOLIDADO - EST CE","Property":"QUANT"},"Calc":"G0","IsSameAsSelect":true}],"Name":"Sum(CONSOLIDADO - EST CE.QUANT)"},{"Kind":1,"Depth":0,"Value":"G1","GroupKeys":[{"Source":{"Entity":"CONSOLIDADO - EST CE","Property":"MODALIDADE"},"Calc":"G1","IsSameAsSelect":true}],"Name":"CONSOLIDADO - EST CE.MODALIDADE"},{"Kind":1,"Depth":0,"Value":"G2","GroupKeys":[{"Source":{"Entity":"CONSOLIDADO - EST CE","Property":"NATUREZA"},"Calc":"G2","IsSameAsSelect":true}],"Name":"CONSOLIDADO - EST CE.NATUREZA"},{"Kind":1,"Depth":0,"Value":"G3","GroupKeys":[{"Source":{"Entity":"CONSOLIDADO - EST CE","Property":"EXERCÍCIO"},"Calc":"G3","IsSameAsSelect":true}],"Name":"CONSOLIDADO - EST CE.EXERCÍCIO"},{"Kind":1,"Depth":0,"Value":"G4","GroupKeys":[{"Source":{"Entity":"CONSOLIDADO - EST CE","Property":"DATA DE PROTOCOLO"},"Calc":"G4","IsSameAsSelect":true}],"Name":"CONSOLIDADO - EST CE.DATA DE PROTOCOLO"},{"Kind":1,"Depth":0,"Value":"G5","GroupKeys":[{"Source":{"Entity":"CONSOLIDADO - EST CE","Property":"PRECATÓRIO"},"Calc":"G5","IsSameAsSelect":true}],"Name":"CONSOLIDADO - EST CE.PRECATÓRIO"},{"Kind":1,"Depth":0,"Value":"G6","GroupKeys":[{"Source":{"Entity":"CONSOLIDADO - EST CE","Property":"CREDOR/BENEFICIÁRIO"},"Calc":"G6","IsSameAsSelect":true}],"Name":"CONSOLIDADO - EST CE.CREDOR/BENEFICIÁRIO"},{"Kind":1,"Depth":0,"Value":"G7","GroupKeys":[{"Source":{"Entity":"CONSOLIDADO - EST CE","Property":"TIPO"},"Calc":"G7","IsSameAsSelect":true}],"Name":"CONSOLIDADO - EST CE.TIPO"},{"Kind":1,"Depth":0,"Value":"G8","GroupKeys":[{"Source":{"Entity":"CONSOLIDADO - EST CE","Property":"DATA DE PAG"},"Calc":"G8","IsSameAsSelect":true}],"Name":"CONSOLIDADO - EST CE.DATA DE PAG"},{"Kind":1,"Depth":0,"Value":"G9","GroupKeys":[{"Source":{"Entity":"CONSOLIDADO - EST CE","Property":"CPF/CNPJ"},"Calc":"G9","IsSameAsSelect":true}],"Name":"CONSOLIDADO - EST CE.CPF/CNPJ"},{"Kind":1,"Depth":0,"Value":"G10","Format":"\"R$\"\\ #,0.00;-\"R$\"\\ #,0.00;\"R$\"\\ #,0.00","GroupKeys":[{"Source":{"Entity":"CONSOLIDADO - EST CE","Property":"V. BRUTO"},"Calc":"G10","IsSameAsSelect":true}],"Name":"Sum(CONSOLIDADO - EST CE.V. BRUTO)"},{"Kind":1,"Depth":0,"Value":"G11","Format":"\"R$\"\\ #,0.00;-\"R$\"\\ #,0.00;\"R$\"\\ #,0.00","GroupKeys":[{"Source":{"Entity":"CONSOLIDADO - EST CE","Property":"PREVIDÊNCIA"},"Calc":"G11","IsSameAsSelect":true}],"Name":"CONSOLIDADO - EST CE.PREVIDÊNCIA"},{"Kind":1,"Depth":0,"Value":"G12","Format":"\"R$\"\\ #,0.00;-\"R$\"\\ #,0.00;\"R$\"\\ #,0.00","GroupKeys":[{"Source":{"Entity":"CONSOLIDADO - EST CE","Property":"IRRF"},"Calc":"G12","IsSameAsSelect":true}],"Name":"CONSOLIDADO - EST CE.IRRF"},{"Kind":1,"Depth":0,"Value":"G13","Format":"\"R$\"\\ #,0.00;-\"R$\"\\ #,0.00;\"R$\"\\ #,0.00","GroupKeys":[{"Source":{"Entity":"CONSOLIDADO - EST CE","Property":"HONORÁRIOS"},"Calc":"G13","IsSameAsSelect":true}],"Name":"CONSOLIDADO - EST CE.HONORÁRIOS"},{"Kind":1,"Depth":0,"Value":"G14","Format":"\"R$\"\\ #,0.00;-\"R$\"\\ #,0.00;\"R$\"\\ #,0.00","GroupKeys":[{"Source":{"Entity":"CONSOLIDADO - EST CE","Property":"V. BRUTO CONTRATUAL"},"Calc":"G14","IsSameAsSelect":true}],"Name":"CONSOLIDADO - EST CE.V. BRUTO CONTRATUAL"},{"Kind":1,"Depth":0,"Value":"G15","GroupKeys":[{"Source":{"Entity":"CONSOLIDADO - EST CE","Property":"RRA"},"Calc":"G15","IsSameAsSelect":true}],"Name":"CONSOLIDADO - EST CE.RRA"},{"Kind":1,"Depth":0,"Value":"G16","Format":"\"R$\"\\ #,0.00;-\"R$\"\\ #,0.00;\"R$\"\\ #,0.00","GroupKeys":[{"Source":{"Entity":"CONSOLIDADO - EST CE","Property":"V. LÍQUIDO"},"Calc":"G16","IsSameAsSelect":true}],"Name":"Sum(CONSOLIDADO - EST CE.V. LÍQUIDO)"},{"Kind":2,"Value":"M0","Name":"CONSOLIDADO - EST CE._titulo"}],"Expressions":{"Primary":{"Groupings":[{"Keys":[{"Source":{"Entity":"CONSOLIDADO - EST CE","Property":"QUANT"},"Select":0},{"Source":{"Entity":"CONSOLIDADO - EST CE","Property":"MODALIDADE"},"Select":1},{"Source":{"Entity":"CONSOLIDADO - EST CE","Property":"NATUREZA"},"Select":2},{"Source":{"Entity":"CONSOLIDADO - EST CE","Property":"EXERCÍCIO"},"Select":3},{"Source":{"Entity":"CONSOLIDADO - EST CE","Property":"DATA DE PROTOCOLO"},"Select":4},{"Source":{"Entity":"CONSOLIDADO - EST CE","Property":"PRECATÓRIO"},"Select":5},{"Source":{"Entity":"CONSOLIDADO - EST CE","Property":"CREDOR/BENEFICIÁRIO"},"Select":6},{"Source":{"Entity":"CONSOLIDADO - EST CE","Property":"TIPO"},"Select":7},{"Source":{"Entity":"CONSOLIDADO - EST CE","Property":"DATA DE PAG"},"Select":8},{"Source":{"Entity":"CONSOLIDADO - EST CE","Property":"CPF/CNPJ"},"Select":9},{"Source":{"Entity":"CONSOLIDADO - EST CE","Property":"V. BRUTO"},"Select":10},{"Source":{"Entity":"CONSOLIDADO - EST CE","Property":"PREVIDÊNCIA"},"Select":11},{"Source":{"Entity":"CONSOLIDADO - EST CE","Property":"IRRF"},"Select":12},{"Source":{"Entity":"CONSOLIDADO - EST CE","Property":"HONORÁRIOS"},"Select":13},{"Source":{"Entity":"CONSOLIDADO - EST CE","Property":"V. BRUTO CONTRATUAL"},"Select":14},{"Source":{"Entity":"CONSOLIDADO - EST CE","Property":"RRA"},"Select":15},{"Source":{"Entity":"CONSOLIDADO - EST CE","Property":"V. LÍQUIDO"},"Select":16}],"Member":"DM0"}]}},"Version":2},"metrics":{"Version":"1.0.0","Events":[{"Id":"df680645-cb6c-42aa-9fce-4ed3253c008d","Name":"Execute Semantic Query","Component":"DSE","Start":"2025-10-21T18:14:59.8295875Z","End":"2025-10-21T18:14:59.8920834Z"},{"Id":"ca2e886f-8e1d-4a42-b956-08f8c63427b5","ParentId":"df680645-cb6c-42aa-9fce-4ed3253c008d","Name":"Execute DAX Query","Component":"DSE","Start":"2025-10-21T18:14:59.8295875Z","End":"2025-10-21T18:14:59.8764581Z","Metrics":{"RowCount":502}},{"Id":"27BF5A8F-577C-4790-AD4C-BB5DEC71A185","ParentId":"ca2e886f-8e1d-4a42-b956-08f8c63427b5","Name":"Execute Query","Component":"AS","Start":"2025-10-21T18:14:59.87Z","End":"2025-10-21T18:14:59.877Z"},{"Id":"B9AADC67-A98F-4CFB-9388-A5656E5DD991","ParentId":"27BF5A8F-577C-4790-AD4C-BB5DEC71A185","Name":"Serialize Rowset","Component":"AS","Start":"2025-10-21T18:14:59.877Z","End":"2025-10-21T18:14:59.877Z"}]},"fromCache":false,"dsr":{"Version":2,"MinorVersion":1,"DS":[{"N":"DS0","S":[{"N":"M0","T":1}],"M0":"ESTADO DO CEARÁ - GERAL","PH":[{"DM0":[{"S":[{"N":"G0","T":4},{"N":"G1","T":1,"DN":"D0"},{"N":"G2","T":1,"DN":"D1"},{"N":"G3","T":1,"DN":"D2"},{"N":"G4","T":1,"DN":"D3"},{"N":"G5","T":1,"DN":"D4"},{"N":"G6","T":1,"DN":"D5"},{"N":"G7","T":1,"DN":"D6"},{"N":"G8","T":1,"DN":"D7"},{"N":"G9","T":1,"DN":"D8"},{"N":"G10","T":3},{"N":"G11","T":3},{"N":"G12","T":3},{"N":"G13","T":3},{"N":"G14","T":3},{"N":"G15","T":3},{"N":"G16","T":3}],"C":[0,0,0],"Ø":65529},{"C":[1,1,0,0,0,0,0,0,0,124758.48,0,0,0,0,0,124758.48],"R":4},{"C":[2,1,1,1,1,1,1,1,0,10138.38,40125,1,0],"R":10245},{"C":[2,0,2,200625.02,28087.5,0,40125,0,95.33,"132412.50999999998"],"R":319},{"C":[3,2,3,2,3,138014.18,19321.99,27602.84,290,"91089.349999999991"],"R":20637},{"C":[4,3,4,1,5053.49],"R":29,"Ø":129792},{"C":[21121.26],"R":130047},{"C":[5,0,25267.45],"R":129855},{"C":[0,2,2,6,1,3,4,0,0,0,0,14373.8,1,0],"R":5,"Ø":32},{"C":[7,0,5,71869,10061.66,502.02,14373.8,11.81,"46931.520000000004"],"R":319,"Ø":16384},{"C":[2,1,1,1,3,4,8,4,6,13345.41,0,0,0,0,0,13345.41],"R":128},{"C":[2,0,4,5,9,1,1,7,42446.55,10776.8,1,"31669.750000000004"],"R":26633},{"C":[3,1,6,10,0,2,8,952956.11,133413.86,0,190591.22,314,628951.03],"R":16397},{"C":[4,11,1,190591.22],"R":61,"Ø":129792},{"C":[0,3,5,12,5,9,0,0,1962.6,0,10298.03,1,0],"R":133,"Ø":32},{"C":[3,1,1,1,3,7,13,6,10,2638.19,12851.59],"R":109696},{"C":[14,0,11,64257.96,0,12851.59,0,0,"51406.369999999995"],"R":2367},{"C":[2,0,6,8,15,1,7,12,77033.52,20288.22,0,77033.52,1,0],"R":2057},{"C":[3,16,0,2,13,385167.58,37259.38,0,77033.52,0,177,270874.68],"R":61},{"C":[4,7,9,17,1,153144.9],"R":13,"Ø":129792},{"C":[0,3,8,18,0,3,14,68653.5,9611.49,657.8,13730.7,9.86,"44653.509999999995"],"R":16389,"Ø":32},{"C":[19,1,15,0,0,0,0,13730.7,1,0],"R":319},{"C":[4,1,0,9,10,20,0,6,16,699603.04,2286.7,0,116,"697316.34000000008"],"R":10244},{"C":[2,1,10,11,21,1,1,17,75761.7,19938.47,1,"55823.229999999996"],"R":26629},{"C":[3,11,12,22,0,2,18,326754.3,45745.6,0,163377.15,240.03,"117631.55000000002"],"R":16397},{"C":[4,12,13,23,1,94421.36],"R":13,"Ø":129792},{"C":[0,4,13,24,5,19,0,0,67.45,0,2803.36,1,0],"R":133,"Ø":32},{"C":[25,0,20,28033.57,0,2803.36,84,25230.21],"R":2367,"Ø":16384},{"C":[5,1,0,14,14,26,6,21,885655.83,90737.18,177131.17,0,40,"617787.47999999986"],"R":2180},{"C":[27,1,22,0,47815.07,0,177131.17,1,0],"R":2367},{"C":[2,1,10,15,21,1,17,183223.22,49490.38,0,133732.84],"R":43141},{"C":[3,15,16,28,0,2,23,6819.12,0,4.91,6819.12],"R":26637},{"C":[4,16,17,29,169348.73],"R":141,"Ø":129792},{"C":[0,2,17,30,1,8,17,0,0,533.14,0,5100,1,0],"R":5,"Ø":32},{"C":[31,0,24,25500,5394.09,5100,1.86,15005.91],"R":2367,"Ø":16384},{"C":[6,1,0,18,18,32,6,25,99342.52,12856.9,85.44,0,0,25.22,"86400.180000000008"],"R":132},{"C":[2,1,10,19,21,1,1,17,48880.41,0,12456.11,1,36424.3],"R":24581},{"C":[3,19,20,33,0,9,26,79815.35,0,15963.07,61,"63852.280000000006"],"R":18445},{"C":[4,16,21,34,16956.06],"R":141,"Ø":129792},{"C":[0,4,20,35,10,27,68683.5,9615.69,3560.94,0,7.5,"55506.869999999995"],"R":16517,"Ø":32},{"C":[7,1,0,21,22,36,6,28,86210.96,0,0,0,1,86210.96],"R":8324},{"C":[2,1,10,23,21,1,1,17,60924.77,15858.31,45066.46],"R":59397},{"C":[3,22,24,37,9,29,1872.18,0,1872.18],"R":59533},{"C":[4,23,25,38,80235.95],"R":141,"Ø":129792},{"C":[0,3,24,39,0,11,30,56280.5,0,0,0,59,56280.5],"R":16389,"Ø":32},{"C":[8,1,0,25,26,40,6,31,1054273.94,147598.35,3037.43,210854.79,0,114.07,"692783.36999999988"],"R":132},{"C":[41,1,32,0,0,0,0,210854.79,1,0],"R":319},{"C":[2,1,10,27,21,1,17,63280.77,16506.21,0,46774.56],"R":43141},{"C":[3,26,28,37,9,29,1153.62,0,1153.62],"R":59533},{"C":[4,27,29,42,0,5520.33],"R":13,"Ø":129792},{"C":[0,3,28,43,10,33,25500,0,204.68,3825,9.15,21470.32],"R":16517,"Ø":32},{"C":[44,1,34,0,0,0,3825,1,0],"R":2367},{"C":[9,1,0,25,30,45,6,32,58817.69],"R":113796},{"C":[46,0,35,392117.91,54896.51,58817.69,0,117.12,"278403.70999999996"],"R":4415},{"C":[2,1,29,31,47,1,1,36,24075.11,0,3036.66,0,1,21038.45],"R":16389},{"C":[48,1765.7,0,1765.7],"R":60351},{"C":[3,7,32,49,0,9,37,26703.92,41,26703.92],"R":30733},{"C":[4,27,33,50,1,40460.73],"R":13,"Ø":129792},{"C":[0,3,28,51,12,38,0,0,0,0,13730.7,1,0],"R":133,"Ø":32},{"C":[52,0,13,39,68653.5,13730.7,36.03,54922.8],"R":6207,"Ø":16384},{"C":[10,1,0,30,34,45,1,6,32,0,0,179651.69,1,0],"R":6148},{"C":[53,0,40,898258.44,125756.18,179651.69,0,123.53,"592850.57000000007"],"R":4415},{"C":[2,1,11,12,54,1,2,41,0,0,44032.72,0,163377.15,1,0],"R":5},{"C":[3,12,35,55,9,42,31967.18,7894.98,0,24072.2],"R":43149},{"C":[4,31,36,56,0,50227.05],"R":13,"Ø":129792},{"C":[0,2,32,57,14,43,20232.78,0,0,0,26,20232.78],"R":16517,"Ø":32},{"C":[11,1,0,30,37,45,1,6,32,0,210930.66,1,0],"R":14340},{"C":[58,0,44,1054653.28,147651.46,210930.66,0,129.52,696071.16],"R":4415},{"C":[2,1,33,38,59,1,2,1,0,0,9824.38,0,38983.21,1,0],"R":5},{"C":[60,0,45,194916.05,27288.25,0,38983.21,0,110,128644.59],"R":319},{"C":[3,34,39,61,9,46,33698.33,0,0,49,33698.33],"R":20621},{"C":[4,35,40,62,1,68508.03],"R":13,"Ø":129792},{"C":[0,2,36,63,14,47,0,0,1018.61,0,6865.35,1,0],"R":133,"Ø":32},{"C":[64,48,160.1,3432.68],"R":110015},{"C":[65,0,49,68653.5,8560.44,13987.06,10298.03,2.92,35807.97],"R":319,"Ø":16384},{"C":[12,1,0,30,41,66,1,15,32,0,0,0,0,127952.83,1,0],"R":4},{"C":[67,0,50,639764.15,89566.98,127952.83,0,121,422244.34],"R":4415},{"C":[2,1,37,42,68,2,51,8937.29,0,0,9.9,8937.29],"R":20613},{"C":[3,38,43,69,9,52,19776.61,58,19776.61],"R":30861},{"C":[4,39,44,70,19869.27],"R":141,"Ø":129792},{"C":[0,3,40,71,16,53,32966.27,0,8196.36,0,1,"24769.909999999996"],"R":16517,"Ø":32},{"C":[2,41,72,54,35437.84,4961.3,0,57,"30476.539999999997"],"R":24999},{"C":[13,1,0,30,45,45,1,6,32,0,0,149468.71,1,0],"R":12292},{"C":[73,0,55,747343.56,104628.1,149468.71,0,125.27,"493246.75000000012"],"R":4415},{"C":[2,1,42,46,74,1,2,56,17375.12,0,3882.17,0,1,"13492.949999999999"],"R":16389},{"C":[3,43,47,75,0,9,29,2436.2,13.27,0,2422.93],"R":57357},{"C":[4,2,44,48,76,1,5100],"R":5,"Ø":129792},{"C":[0,3,45,77,16,57,0,0,2670.59,0,12872.53,1,0],"R":133,"Ø":32},{"C":[78,58],"R":130495},{"C":[79,0,59,68653.5,8560.44,0,25745.06,19.61,34348],"R":319,"Ø":16384},{"C":[14,1,0,30,49,45,1,6,32,0,0,0,203670.93,1,0],"R":4100},{"C":[80,0,60,1018354.67,142569.65,178.13,203670.93,0,128,671935.96],"R":319},{"C":[2,1,46,50,81,1,61,37010.71,0,0,3701.07,20,33309.64],"R":16517},{"C":[82,1,19,0,184.76,0,3701.07,1,0],"R":2367},{"C":[3,47,51,83,0,9,62,17314.29,0,0,70,17314.29],"R":10253},{"C":[4,3,48,52,76,1,5100],"R":5,"Ø":129792},{"C":[0,4,49,84,0,16,63,52119.97,6304.59,0,0,38,"45815.380000000005"],"R":16389,"Ø":32},{"C":[15,1,0,50,53,85,6,64,133275.92,17607.58,0,49.02,"115668.34000000001"],"R":12420},{"C":[2,1,51,54,86,1,65,185055.57,5123.83,80.03,"179931.74000000002"],"R":28805},{"C":[3,52,55,87,1,17,29,2716.89,0,45.37,1,2671.52],"R":24589},{"C":[4,3,53,56,88,42306.09],"R":133,"Ø":129792},{"C":[0,4,54,89,0,18,66,25500,0,1270.14,7650,7.2,16579.86],"R":16389,"Ø":32},{"C":[90,1,67,0,104.2,0,3060,1,0],"R":2367},{"C":[91,68,396.62,4590],"R":110015},{"C":[16,1,1,0,55,57,92,6,69,1207.95,7650.73],"R":109696},{"C":[93,0,70,38253.67,0,7650.73,0,30602.94],"R":35135},{"C":[2,0,1,51,58,94,2,71,62341.33,626.85,0,13.53,61714.48],"R":18561},{"C":[3,56,59,95,17,72,322646.61,1326.22,64529.32,55,256791.07],"R":18573},{"C":[4,57,60,96,24128.87],"R":141,"Ø":129792},{"C":[0,2,58,97,19,73,40015.82,0,0,0,26,40015.82],"R":16517,"Ø":32},{"C":[17,1,1,0,59,61,98,6,74,17462788.62,0,1,17462788.62],"R":14464},{"C":[99,1,75,441077.85,441077.85],"R":63807},{"C":[2,0,1,51,62,"Maria Lúcia Rabelo Magalhães ",0,2,76,90624.78,25.97,90624.78],"R":30721},{"C":[3,1,60,63,"Betbi indústria de confecções e brindes Ltda",20,77,48003.23,1,48003.23],"R":30857},{"C":[4,0,2,44,64,"Hon. Contratual",1,5100],"R":1,"Ø":129792},{"C":[0,61,"Jefferson Rodrigues dos Santos (Hon. Contratuais)",21,78,0,0,1962.6,0,10298.03,1,0],"R":141,"Ø":32},{"C":["Luiz Gonzaga Vieira Andrade (Hon. Contratuais)",79],"R":130495},{"C":["Maria Ines de Oliveira",0,80,68653.5,8619.28,0,20596.05,44.16,39438.17],"R":319,"Ø":16384},{"C":[18,1,1,0,62,65,"Francisco Rubens Rodrigues Viana",6,81,32448.54,0,0,0,1,32448.54],"R":4224},{"C":[2,0,1,63,66,"Antônio de Pádua Ferreira da Silva",1,82,17335.65,1733.57,53.23,"15602.080000000002"],"R":22657},{"C":["Fabiano Aldo Alves Lima   (Hon. Contratuais)",1,19,0,0,1733.57,1,0],"R":6463},{"C":[3,64,67,75,0,17,29,2669.54,30.78,0,"2638.7599999999998"],"R":43021},{"C":[4,2,44,68,76,1,9971.74],"R":5,"Ø":129792},{"C":[0,65,"Arnou de Holanda Cavalcante",0,21,83,37537.45,0,0,0,49.34,37537.45],"R":16397,"Ø":32},{"C":[19,1,4,66,69,"Maria Virginia Ferreira Pimentel",6,84,35461.78,8855.99,0,1,26605.79],"R":10372},{"C":[489477.04,34280.9,21.69,"455196.13999999996"],"R":27647},{"C":[2,1,19,20,"Francisco Aprígio da Silva  (Hon. Contratuais)",1,22,85,0,3493.84,15963.07,1,0],"R":10245},{"C":[3,67,70,"Julieta Tabosa Leitão Matos",0,17,86,12957.76,0,2591.55,0,8.64,10366.21],"R":2061},{"C":[4,68,71,"Maria da Conceição Quintino Farias",37609.62],"R":141,"Ø":129792},{"C":[0,2,69,"Paulo Teles da Silva",23,68,25500,0,6143.14,0,1,19356.86],"R":16517,"Ø":32},{"C":[20,1,4,70,72,90,1,6,67,0,0,2292.41,0],"R":43012},{"C":[91,68,134.35,3438.62],"R":110015},{"C":["Tereza de Sousa Silva",0,87,19103.44,1623.43,0,5731.03,0,2.69,11748.98],"R":319},{"C":[2,1,71,73,"José Eduardo Barroso Colácio  (Hon. Contratuais)",1,22,88,626.87,0,0,1,626.87],"R":20485},{"C":[3,72,74,"José Pereira Martins",0,17,89,551.14,0.76,551.14],"R":30733},{"C":[4,63,75,"Eleri Aquino Ribeiro   (Hon. Sucumbenciais)",1,35441.09],"R":13,"Ø":129792},{"C":[0,4,73,24,23,19,0,0,48.45,0,2550,1,0],"R":133,"Ø":32},{"C":["Maria de Fátima Braga Araújo",0,90,25500,0,2550,38.6,22950],"R":2367,"Ø":16384},{"C":[21,1,74,76,"Maria Lirida Calou de Araujo e Mendonça",6,91,546301.98,75431.23,0,0,189.16,470870.75],"R":4236},{"C":[2,1,75,77,"Giselia Maria Bezerra de Medeiros ",22,92,19482.75,0,1948.28,23.47,17534.47],"R":20613},{"C":[3,1,71,78,"General Noli do Brasil Ltda",24,93,150361.03,0,0,150361.03],"R":22665},{"C":[4,0,37,79,"Fabiano Aldo Alves Lima",1,970.36],"R":9,"Ø":129792},{"C":["MARIA TEREZINHA DIAS MENEZES",0,8733.26],"R":129855},{"C":[0,4,76,"José Heleno Lopes Viana (Hon. Sucumbenciais)",1,23,94,25500,0,6143.14,0,1,19356.86],"R":16389,"Ø":32},{"C":[22,1,54,80,90,6,67,0,7516.97,30592.62,0],"R":43148},{"C":["Espólio de Francisca Lindalva",0,95,254938.53,0,76481.56,0,42,178456.97],"R":2367},{"C":[91,1,68,0,11723.46,0,45888.94,0,0],"R":2367},{"C":[2,1,75,77,"Fabiano Aldo Alves de Lima  (Hon. Contratuais)",22,19,0,1948.28,1],"R":76933},{"C":[3,1,56,81,"Raimundo Alves da Silva",0,24,96,49813.24,0,0,49813.24],"R":14345},{"C":[4,77,82,"MARCONDES ALVES DE ALMEIDA NETO",60124.72],"R":141,"Ø":129792},{"C":[0,0,4,78,24,1,23,19,0,0,48.45,0,2550,1,0],"R":1,"Ø":32},{"C":["Maria Laélia de Almeida César",0,97,25500,0,2550,33.86,22950],"R":2367,"Ø":16384},{"C":[23,1,54,83,89,25,98,105378.05,31613.42,0,0,73764.63],"R":6284},{"C":[90,1,6,67,0,2581.48,0,1,0],"R":18495},{"C":[91,68,4320.21,18968.05],"R":110015},{"C":[2,1,75,84,"Fabiano Aldo Alves Lima  (Hon. Sucumbenciais)",22,19,18533.99,4200.85,0,"14333.140000000001"],"R":43141},{"C":["Fabiano Aldo Alves Lima (Hon. Contratuais)",0,419.85,4784.92,0],"R":43967},{"C":["Maria da Graças Aires Martins ",0,99,47849.19,0,4784.92,0,47.73,"43064.270000000004"],"R":2367},{"C":[3,1,64,85,"Leudivar Pereira Lima",24,"396.520.253-72",43197.22,0,0,43197.22],"R":22665},{"C":[4,0,2,79,86,"Hon. Contratual",1,14373.8],"R":1,"Ø":129792},{"C":[21560.7],"R":130047},{"C":[0,4,80,24,23,19,0,0,0,0,1502.91,1,0],"R":133,"Ø":32},{"C":["Francisca Elizabete de Araújo Nogueira",0,"426.966.663-34",15029.13,1502.91,13526.22],"R":39231,"Ø":16384},{"C":[24,1,81,87,"Maria Aparecida de Sousa Bastos",6,"765.768.413-53",67146.68,8349.49,13429.34,0,15,"45367.849999999991"],"R":4236},{"C":[91,1,68,0,0,2797.07,0,13429.34,1,0],"R":319},{"C":[2,1,57,88,"Antênio Almeida da Silva (Espólio) - Hon. Contratuais",22,67,16996.61,65064.04],"R":109701},{"C":["Augusto Rodrigues de Oliveira (Espólio)",0,"010.578.983-68",542200.37,16481.62,162660.11,49,363058.64],"R":2367,"Ø":16384},{"C":["Paulo Teles da Silva  (Hon. Contratuais)",1,9,68,0,25942.92,0,97596.07,1,0],"R":2111},{"C":[3,1,82,89,"Célia Maria Leitão dos Santos Lemos",0,24,"166.294.423-34",52266.12,0,0,0,52266.12],"R":10249},{"C":[4,0,4,83,90,76,1,421161.16],"R":1,"Ø":129792},{"C":[0,84,"Albenes Viana Chaves",0,23,"093.111.223-00",20772.13,0,0,2077.21,68,"18694.920000000002"],"R":16397,"Ø":32},{"C":[24,1,19,0,12.99,0,2077.21,1,0],"R":2367},{"C":[25,1,85,91,"Edilson Claudio de Oliveira",0,6,"058.547.843-00",657569.47,92059.73,0,223573.62,0,130.08,341936.12],"R":12},{"C":["Magno Aguiar Câmara (hon. contratuais)",1,"202.626.393-00",0,0,35270.32,0,131513.89,1,0],"R":319},{"C":["Sociedade Uchoa Advogados Associados (hon. contratuais)","03.474.502/0001-42",0,92059.73],"R":110015},{"C":[2,1,57,60,"Patrício William Almeida  (Hon. Contratuais)",22,10,431.09,4825.77],"R":109701},{"C":[3,86,92,"Victor Hugo Fernandes Bonan",0,26,"049.259.933-56",38329.06,0,0,0,38329.06],"R":10253},{"C":[4,4,83,93,"Lucia Felix Ferreira",1453613.57],"R":133,"Ø":129792},{"C":[0,87,24,1,23,19,0,0,48.45,0,2550,1,0],"R":13,"Ø":32},{"C":["Maria de Fátima Penaforte dos Santos",0,"245.633.073-00",25500,0,2550,87.13,22950],"R":2367,"Ø":16384},{"C":[26,1,65,94,"Carlos Magno Nogueira Nobre",6,"712.897.043-68",247600.03,34664,74280.01,0,89,"138656.02000000002"],"R":4236},{"C":["Fernando Antonio Silveira Torres (hon. contratuais)",1,"311.207.253-72",0,0,19531,0,74280.01,1,0],"R":319},{"C":[2,1,88,95,"Rosângela Barbosa da Silva",0,22,"378.147.883-15",56576.18,6869.62,0,0,32,49706.56],"R":8197},{"C":[3,89,96,"Espólio de Anderson Fernandes de Pontes",27,"469.104.173-72",113816.98,0,34145.09,48,79671.89],"R":20621},{"C":[4,5,90,97,"ESPÓLIO DE JOÃO BATISTA DE ARAÚJO (HERDEIRO)",30196.43],"R":133,"Ø":129792},{"C":["ESPÓLIO DE JOSETE MARIA (HERDEIRA)"],"R":131007},{"C":[0,4,49,24,1,23,19,0,0,32.78,0,2549.02,0],"R":32773,"Ø":32},{"C":["Fernanda Gomes Fraga",0,"052.569.503-63",25490.22,0,2549.02,97,22941.2],"R":2367,"Ø":16384},{"C":[27,1,65,98,"Marcelo Sampaio Nogueira (hon. sucumbenciais)",1,6,"314.495.733-04",46648.19,11932.25,0,0,1,34715.94],"R":2060},{"C":[2,1,26,99,"Antônia Silva Lopes ",0,22,"081.703.633-49",118786.68,0,107.31,118786.68],"R":26629},{"C":["Antônio Mesquita Cavalcante (Hon. Sucumbenciais)",1,"145.610,003-30",20053.15,4618.62,1,"15434.530000000002"],"R":26943},{"C":[3,91,"0001441-13.2019.8.06.0000","Antênio Almeida da Silva (Hon. Contratuais)",28,67,8130.97,1366.66,6764.31],"R":59533},{"C":[4,0,92,"0003009-64.2019.8.06.0000","ESPÓLIO DE ANTÔNIO DIAS ALENCAR",1033013.9],"R":133,"Ø":129792},{"C":[0,4,87,24,23,19,0,0,0,0,1889.31,1,0],"R":133,"Ø":32},{"C":["Marta Maria Gomes de Andrade",0,"054.140.083-53",18893.12,1889.31,58,"17003.809999999998"],"R":6463,"Ø":16384},{"C":[28,1,93,"0002560-72.2020.8.06.0000","Alda Cavalcante Camurça",6,"121.486.103-25",79042.12,11065.9,15808.42,0,46.41,52167.8],"R":4236},{"C":["Djalma Barbosa dos Santos (hon. contratuais)",1,"053.649.903-97",0,0,1277.66,0,7904.21,1,0],"R":319},{"C":["Djeanne Furtado dos Santos (hon. contratuais)","758.779.023-34"],"R":130495},{"C":[2,1,7,"0000535-23.2019.8.06.0000","Francisco Aprígio da Silva (Hon. Contratuais)",22,85,377.87,4625.07],"R":109701},{"C":["Maria Celeste Simões da Silva",0,"081.360.137.87",23125.34,0,4625.07,0,14,18500.27],"R":2367},{"C":[3,0,91,"0001438-58.2019.8.06.0000","Antênio Almeida da Silva (Hon. Sucumbenciais)",1,29,67,9918.59,1858.25,0,1,8060.34],"R":18437},{"C":[4,92,"0003011-34.2019.8.06.0000","CESARINA PINHEIRO DE MORAIS FONTENELLE",0,332028.41],"R":13,"Ø":129792},{"C":[0,4,94,24,1,23,19,0,0,48.45,0,2550,0],"R":32773,"Ø":32},{"C":["Maria Veraniza Cordeiro Lima",0,"112.798.343-15",25500,0,2550,40.36,22950],"R":2367,"Ø":16384},{"C":[29,1,93,"0002562-42.2020.8.06.0000","Djalma Barbosa dos Santos (hon. contratuais)",1,6,"053.649.903-97",0,1630.08,0,9185.73,1,0],"R":2060},{"C":["Djeanne Furtado dos Santos (hon. contratuais)","758.779.023-34"],"R":130495},{"C":["Fábio de Sampaio Chaves",0,"209.157.723-53",91857.29,12860.02,0,18371.46,0,57.35,"60625.80999999999"],"R":319},{"C":[2,1,95,"0000567-28.2019.8.06.0000","Espólio de Minervina Eufrásio Ferreira Lima",22,"229.676.563-72",395238.98,0,22218.84,79047.8,31,"293972.33999999997"],"R":133,"Ø":16384},{"C":["Francisco Aprígio da Silva (Hon. Contratuais)",1,85,0,20842.14,0,79047.8,1,0],"R":2367},{"C":[3,42,46,"Antônio Andrade de Santana",0,2,"403.809.393-04",173751.58,24325.22,0,0,45,149426.36],"R":8205},{"C":[4,0,92,"0003013-04.2019.8.06.0000","EDMUNDO BASTOS",1044451.69],"R":133,"Ø":129792},{"C":[0,2,96,"Otoniel Lopes da Silveira",23,"003.000.983-91",68653.5,8619.28,0,13730.7,56.18,"46303.520000000004"],"R":16517,"Ø":32},{"C":["PATRÍCIO WILIAM ALMEIDA VIEIRA (HON. CONTRATUAIS)",1,10,0,0,2906.58,0,13730.7,1,0],"R":319},{"C":[30,1,4,93,"0002564-12.2020.8.06.0000","Djalma Barbosa dos Santos (hon. contratuais)",6,"053.649.903-97",1766.89,9683.25],"R":109700},{"C":["Djeanne Furtado dos Santos (hon. contratuais)","758.779.023-34"],"R":130495},{"C":["Francisca das Chagas Pinho Sobreira",0,"071.594.123-20",96832.49,13556.55,0,19366.5,0,55.11,63909.44],"R":319},{"C":[2,1,12,"0000591-56.2019.8.06.0000","Francisco Aprígio da Silva  (Hon. Contratuais)",1,22,85,0,0,18400.27,0,70168.24,1,0],"R":5},{"C":["Rita Inês Lima Militão ",0,"289.280.673-91",350841.21,48027.73,237.11,70168.24,0,76.43,"232408.14000000007"],"R":319},{"C":[3,5,97,"0001009-28.2018.8.06.0000","Roseane Accioly Valente",30,"241.331.083-53",297614.4,0,47608.56,0,38.39,"250005.84000000003"],"R":16517},{"C":[4,0,92,"0003014-86.2019.8.06.0000","EUGENIO MAIA DE OLIVEIRA",430425.16],"R":133,"Ø":129792},{"C":[0,4,98,"Teodorico Medina Nóbrega",31,"380.274.538-87",68653.5,8560.44,8279.2,0,8.02,51813.86],"R":16517,"Ø":32},{"C":[31,1,93,"0002567-64.2020.8.06.0000","Djalma Barbosa dos Santos (hon. contratuais)",1,6,"053.649.903-97",0,0,1354.84,8184.88,1,0],"R":8204},{"C":["Djeanne Furtado dos Santos (hon. contratuais)","758.779.023-34"],"R":130495},{"C":["Kátia de Alencar Veríssimo",0,"170.237.853-53",81848.79,11458.83,0,16369.76,0,53.89,"54020.19999999999"],"R":319},{"C":[2,1,12,13,"Maria Vilma Moreira de Menezes ",22,"485.453.843-00",629475.72,0,46202.5,94421.36,39.04,488851.86],"R":16517},{"C":["Tânia Maria Carneiro Silva (Hon. Sucumbenciais)",1,17,70934.76,18611.06,0,1,52323.7],"R":18751},{"C":[3,1,99,"0002269-09.2019.8.06.0000","ALZIRA MARIA DE PAIVA (espólio)",0,32,"111.707.603-25",33233.6,0,33233.6],"R":59401},{"C":[4,0,0,92,"0003015-71.2019.8.06.0000","FRANCISCO AIRTON ARAUJO",317704.26],"R":129,"Ø":129792},{"C":[0,4,76,"José Heleno Lopes Viana (Hon. Contratuais)",1,23,94,0,0,224.5,0,3825,1,0],"R":5,"Ø":32},{"C":["Maria de Jesus Cruz de Sous",0,"294.211.523-87",25500,1283.1,288.31,3825,10.7,20103.59],"R":319,"Ø":16384},{"C":[32,1,93,"0002568-49.2020.8.06.0000","Djalma Barbosa dos Santos (hon. contratuais)",1,6,"053.649.903-97",0,0,1377.72,0,8268.06,1,0],"R":12},{"C":["Djeanne Furtado dos Santos (hon. contratuais)","758.779.023-34"],"R":130495},{"C":["Maria Celeste Albuquerque dos Santos",0,"090.024.483-68",82680.56,11575.28,0,16536.11,0,52.21,54569.17],"R":319},{"C":[2,1,12,35,"Amadeu Gomes da Silva",9,"785.073.243-04",987483.89,0,246870.97,0,740612.92],"R":20613},{"C":["Márcio Jorge Aragão (Hon. Sucumbenciais)",1,"381.802.513-49",10655.73,2034.33,0,1,8621.4],"R":18751},{"C":["Maurício Tauchmann Rocha Moura (Hon. Sucumbenciais)","382.923.603-44",31967.18,7894.98,24072.2],"R":59839},{"C":["Ninon Elizabeth Tauchmann   (Hon. Contratuais)","301.568.153-20",0,66993.52,246870.97,0],"R":43455},{"C":["Ninon Elizabeth Tauchmann (Hon. Sucumbenciais)",31967.18,7894.98,0,24072.2],"R":43967},{"C":[3,"8/22/2018","0001321-04.2018.8.06.0000","Espólio de MARIA AUGUSTA ARARIPE BESSA",0,33,"002.649.383-72",33888.24,0,33888.24],"R":26637,"Ø":32768},{"C":[4,1,6,"2/18/2013","8502664-12.2013.8.06.0000","MARCOS LAIRTON SOUZA VERAS (HERDEIRO)",4405.32],"R":32897,"Ø":97024},{"C":["VITOR HUGO MEDEIROS (HERDEIRO)"],"R":131007},{"C":[0,0,4,"6/22/2020",24,1,10,19,0,0,48.45,0,2550,1,0],"R":1,"Ø":32},{"C":["Maria Mendes Cavalcante",0,"163.693.943-00",25500,0,2550,61.52,22950],"R":2367,"Ø":16384},{"C":[33,1,93,"0002570-19.2020.8.06.0000","Djalma Barbosa dos Santos (hon. contratuais)",1,6,"053.649.903-97",0,1348.57,0,8162.07,1,0],"R":2060},{"C":["Djeanne Furtado dos Santos (hon. contratuais)","758.779.023-34"],"R":130495},{"C":["Maria Lúcia de Castro",0,"233.632.903-49",81620.74,11426.9,0,16324.15,0,54.19,"53869.69000000001"],"R":319},{"C":[2,1,"1/3/2019",40,"Francisco Xavier Torres  (Hon. Sucumbenciais)",1,9,"\n092.693.203-91",39097.07,0,9855.69,0,1,"29241.379999999997"],"R":16389},{"C":[3,27,"0002646-77.2019.8.06.0000","Espólio de Maria Mariza da Silva Vitoriano",0,20,"142.692.443-72",626980.93,17764.23,72,"609216.70000000007"],"R":26637},{"C":[4,0,92,"0003017-41.2019.8.06.0000","ESPÓLIO DE FRANCISCO DANTAS RIBEIRO",1458483.35],"R":133,"Ø":129792},{"C":[0,"3/9/2020","Francisco Aprígio da Silva (Hon. Contratuais)",1,34,85,0,0,0,0,1640.32,1,0],"R":13,"Ø":32},{"C":["Maria Igelzimar Ferreira Fernandes",0,"245.705.243-20",8201.59,1640.32,14.4,6561.27],"R":6463,"Ø":16384},{"C":[34,1,4,93,"0002571-04.2020.8.06.0000","Djalma Barbosa dos Santos (hon. contratuais)",1,6,"053.649.903-97",0,1732.06,0,9556.59,1,0],"R":2052},{"C":["Djeanne Furtado dos Santos (hon. contratuais)","758.779.023-34"],"R":130495},{"C":["Maria das Graças Diniz Bezerra",0,"142.047.703-04",95565.86,13379.22,0,19113.17,0,53.91,63073.47],"R":319},{"C":[2,1,"3/18/2019","0000786-41.2019.8.06.0000","Fabiano Aldo Alves Lima   (Hon. Contratuais)",1,9,19,0,0,0,1720.11,1,0],"R":4101},{"C":["Maria Tereza Calixto Pinheiro ",0,"286.006.573.34",17201.15,1720.11,0,25.06,15481.04],"R":6463},{"C":[3,5,"7/18/2017","0001005-25.2017.8.06.0000","Espólio de Gilberto Alves de Aguiar",35,"002.433.293-34",906368.13,65337.04,181273.63,51,659757.47],"R":18565},{"C":[4,0,92,"0003021-78.2019.8.06.0000","ESPÓLIO DE FRANCISCO MENDES NETO",234936.52],"R":133,"Ø":129792},{"C":[0,3,"2/27/2020",24,1,34,19,0,0,32.85,0,2550,1,0],"R":5,"Ø":32},{"C":["Francisca Batista de Freitas Gonçalves",0,"355.315.843.34",25500,0,2550,22950],"R":35135,"Ø":16384},{"C":[35,1,4,93,"0002573-71.2020.8.06.0000","Djalma Barbosa dos Santos (hon. contratuais)",1,6,"053.649.903-97",0,1092.52,0,7230.98,0],"R":34820},{"C":["Djeanne Furtado dos Santos (hon. contratuais)","758.779.023-34"],"R":130495},{"C":["Maria das Graças Paula dos Santos",0,"058.153.803-00",72309.81,10123.37,0,14461.96,0,49.71,"47724.479999999996"],"R":319},{"C":[2,1,43,"0000857-43.2019.8.06.0000","Fabiano Aldo Alves Lima  (Hon. Sucumbenciais)",1,9,19,2660.02,0,30.06,0,1,2629.96],"R":16389},{"C":[3,5,"12/5/2017","0000055-79.2018.8.06.0000","José Nilo Carneiro (Espólio)",0,35,"107.331.163-53",13139.62,1839.55,0,2627.92,17,"8672.1500000000015"],"R":16389},{"C":[4,0,92,"0003026-03.2019.8.06.0000","ESPÓLIO DE JOÃO TEIXEIRA LIMA",275804.76],"R":133,"Ø":129792},{"C":[0,2,"11/18/2022","Maria Valda Nobre Lima",34,"892.177.053-49",54603.01,6652.21,0,10920.6,32,"37030.200000000004"],"R":16517,"Ø":32},{"C":[91,1,68,0,0,2118.21,0,10920.6,1,0],"R":319},{"C":[36,1,4,94,"0002630-89.2020.8.06.0000","Espólio de José Lindival de Freitas",0,6,"000.171.833-91",33275.43,8254.74,0,"25020.690000000002"],"R":43012},{"C":[2,1,52,"0000914-61.2019.8.06.0000","Francisco Eudes Gomes (Hon. Sucumbenciais)",1,36,"385.734.153-04",5466.49,607.29,4859.2],"R":59397},{"C":[3,1,7,"6/12/2017","0000893-56.2017.8.06.0000","Maria das Graças dos Reis Vieira",0,37,"678.163.047-49",14404.33,0,0,14404.33],"R":26625},{"C":[4,0,8,"1/26/2024","3000500-36.2024.8.06.0000","MARIA CLEIDE DA ROCHA ALEXANDRE",58964.18],"R":129,"Ø":129792},{"C":[0,3,"2/27/2020","Bruna Cavalcante Bessa Nogueira (Hon. Contratuais)",1,38,"004.916.813-48",0,0,264.03,0,4000.72,1,0],"R":5,"Ø":32},{"C":["Ednardo Bessa Nogueira Lima (Hon. Contratuais)","013.539.873-88"],"R":130495},{"C":["Maria Gorett Sabino e Silva",0,"122.119.583-20",32005.77,0,8001.44,57,24004.33],"R":2367,"Ø":16384},{"C":[37,1,4,"10/29/2020","0002709-68.2020.8.06.0000","Erik Oliveira Onofre e Silva",6,"318.590.463-04",101999.39,13228.87,10199.94,0,41,78570.58],"R":4228},{"C":["José Eduardo Machado de Almeida (hon. contratuais)",1,"001.284.143-91",0,0,1908.98,0,10199.94,1,0],"R":319},{"C":[2,1,52,"0000923-23.2019.8.06.0000","Francisco Aprígio da Silva (Hon. Sucumbenciais)",9,85,2120.11,0,0,2120.11],"R":43141},{"C":[3,9,"3/17/2016","0000400-16.2016.8.06.0000","Maria Luciana Cesário da Silva (Espólio)",0,39,"004.579.323-92",128493.71,38548.11,89945.6],"R":55301},{"C":[4,2,"4/22/2022","0002235-29.2022.8.06.0000","LUCIA MENDES ALVES",15996.6],"R":133,"Ø":129792},{"C":[0,3,"6/25/2021","Bartolomeu Cavalcante Loureiro (Hon. Contratuais)",1,34,"016.505.303-82",0,0,2906.58,0,13730.7,1,0],"R":5,"Ø":32},{"C":["Hélio Cavalcante Loureiro",0,"002.581.133-91",68653.5,0,13730.7,113.26,54922.8],"R":2367,"Ø":16384},{"C":[38,1,4,"10/29/2020","0002768-56.2020.8.06.0000","Ana Glaucia Goncalves de Araujo",6,"796.208.333-68",94909.64,12236.3,18981.93,0,33.28,"63691.409999999996"],"R":4228},{"C":["Jorge Erison Braga Cavalcante (honorários contratuais)",1,"267.701.643-53",0,0,1714.02,0,9490.96,1,0],"R":319},{"C":["Williams da Silva Brito (honorários contratuais)","068.199.583-15"],"R":130495},{"C":[2,1,52,"0000928-45.2019.8.06.0000","Ana Nery Carneiro da Mota",0,40,"019.050.033-66",0,0],"R":76805,"Ø":32768},{"C":["Antônia Gisela Carneiro da Mota Braga","840.288.073-87"],"R":130495},{"C":["Maria José Carneiro da Mota (Espólio)","115.888.883-04",2096881.8,292512.4,240669.79,419376.36,73,1144323.24],"R":16831},{"C":["Roberval Ruscelino Pereira Pequeno    (Hon. Contratuais)",1,9,"010.645.963-55",0,0,114432.5,0,419376.36,1,0],"R":63},{"C":[3,1,9,"7/2/2015","0001451-96.2015.8.06.0000","ALZIRA MARIA DE PAIVA (espólio)",41,"111.707.603-25",2402.25,0,0,0,2402.25],"R":10369},{"C":[4,0,3,"8/11/2021","0002356-91.2021.8.06.0000","JOSÉ ALBECI TEIXEIRA DA COSTA",0,71869],"R":1,"Ø":129792},{"C":[0,79,"Maria Leonice Lima",34,"747.066.323-15",9010.61,0,0,46.31,62858.39],"R":17549,"Ø":32},{"C":[39,1,4,"2/22/2021","0000546-81.2021.8.06.0000","Edson Alexandria de Castro",6,"015.137.453-87",34833.46,0,6966.69,0,104,27866.77],"R":4228},{"C":["Izadora MAria Lima de Albuquerque (hon. contratuais)",1,"916.121.014-53",0,1019.84,0,6966.69,1,0],"R":2367},{"C":[2,1,52,55,"Fabiano Aldo Alves Lima    (Hon. Contratuais)",17,19,0,1368.07],"R":109701},{"C":["Maria de Fátima Alves Matos",0,"088.157.803-78 ",13680.7,1368.07,0,16.54,"12312.630000000001"],"R":6463},{"C":[3,"7/17/2018","0001145-25.2018.8.06.0000","Francisco Mota Rocha",36,"015.136.563-68",940554.79,0,0,940554.79],"R":22669},{"C":[4,10,"3/25/2010","0031864-68.2010.8.06.0000","PATRÍCIO WILIAM ALMEIDA VIEIRA (HON. CONTRATUAIS)",1,183140.59],"R":5,"Ø":129792},{"C":[0,3,79,"ADÉLIA DE OLIVEIRA MARTINS",0,38,"033.197.093-72",25500,0,0,5100,83,20400],"R":16389,"Ø":32},{"C":["EDUARDO DIOGO DIÓGENES QUEZADO (HON. CONTRATUAIS)",1,42,"062.929.363-50",0,0,1275,1,0],"R":6207},{"C":["PAULO QUEZADO SOCIEDADE INDIVIDUAL DE ADVOCACIA (HON. CONTRATUAIS)","03.769.821/0001-85",3825],"R":114111},{"C":[40,1,4,"2/22/2021","0000548-51.2021.8.06.0000",91,6,68,2753.03,13269.19],"R":109700},{"C":["Rita Maria de Oliveira Ferreira",0,"015.696.433-34",75878.94,9533.01,0,13269.19,0,74.59,"53076.740000000005"],"R":319},{"C":[2,1,52,"0000948-36.2019.8.06.0000","Inácio Aragão Tavares ",17,"021.485.493-08",361773.18,0,12064.04,72354.64,42,277354.5],"R":16517},{"C":["Perpétua Socorro Amorim Ribeiro  (Hon. Contratuais)",1,"122.538.437-72",0,19001.52,0,72354.64,1,0],"R":2367},{"C":["Perpétua Socorro Amorim Ribeiro  (Hon. Sucumbenciais)",36177.37,9052.78,0,"27124.590000000004"],"R":43967},{"C":[3,10,"12/17/2009","0032884-31.2009.8.06.0000","Antônia Alexandre de Morais Satiro",0,43,"056.542.543-91",15584.79,0,0,15584.79],"R":26629},{"C":[4,3,"2/28/2022","0001632-19.2023.8.06.0000","PAULO FERREIRA BRAÚNA",57495.2],"R":133,"Ø":129792},{"C":[0,4,"10/29/2020",24,1,38,19,0,0,3.86,0,1955.46,1,0],"R":5,"Ø":32},{"C":["Joana Ferreira Leite",0,"140.709.793-87",19554.62,0,1955.46,49,17599.16],"R":2367,"Ø":16384},{"C":[41,1,"3/18/2021","0000726-97.2021.8.06.0000",91,1,6,68,0,1315.61,0,8042.23,1,0],"R":2060},{"C":["Rosa de Sousa Cavalcante",0,"156.096.853-20",40211.15,0,8042.23,0,105,"32168.920000000002"],"R":2367},{"C":[2,1,"2/4/2019","0000967-42.2019.8.06.0000","José Antônio Soares Rocha  (Hon. Sucumbenciais)",1,17,"358.824.923-00",45943.27,11738.4,0,1,"34204.869999999995"],"R":18437},{"C":[3,10,"8/11/2009","0019219-45.2009.8.06.0000","Espólio de José Nunes Rodrigues",44,29,11462,0,0,11462],"R":26757},{"C":["ESPÓLIO DE MARIA VENUSIA ALVES",0,"068.939.963-49",114623.91,114623.91],"R":63807},{"C":[4,3,"6/29/2021","0001658-17.2023.8.06.0000","JOSÉ NUNES RODRIGUES (HON. SUCUMBENCIAIS)",1,2438.49],"R":5,"Ø":129792},{"C":[0,4,"10/29/2020",24,38,19,0,0,48.45,0,2550,1,0],"R":133,"Ø":32},{"C":["Iracy de Sousa Carnaúba",0,"192.724.803-53",25500,0,2550,38.02,22950],"R":2367,"Ø":16384},{"C":[42,1,"4/5/2021","0000909-68.2021.8.06.0000","Creusa Maria Mazza Ramos",6,"323.673.923-15",268489.32,53697.86,0,110.94,"214791.46000000002"],"R":6284},{"C":[91,1,68,0,13870.91,0,53697.86,1,0],"R":2367},{"C":[2,1,56,59,"Artur Frota Monteiro Júnior (Hon. Contratuais)",17,"004.404.213-22",16849.56,64529.32],"R":109701},{"C":[3,11,"6/20/2011","8513106-08.2011.8.06.0000","Cosmo de Oliveira Cunha (Espólio)",0,43,"671.816.193-49",205678.42,0,0,0,205678.42],"R":10245},{"C":["Maria Elisa Freitas Bandeira (Espólio)","393.510.253-49",341320.46,341320.46],"R":63935},{"C":["Zeneida Rocha Lima Tavares (Espólio)","024.787.063-34",217811.57,217811.57],"R":63935},{"C":[0,3,"9/3/2021",24,1,38,19,0,48.45,2550,1,0],"R":10245,"Ø":32},{"C":["José Varnô Lima",0,"010.188.413.34",25500,0,2550,54.06,22950],"R":2367,"Ø":16384},{"C":[43,1,4,"4/5/2021","0000910-53.2021.8.06.0000",90,1,6,67,0,8178.11,0,32996.75,1,0],"R":2052},{"C":["Ivanira Vale da Silva",0,"555.526.503-44",274972.93,0,82491.88,0,97.07,192481.05],"R":2367},{"C":[91,1,68,0,12715.16,0,49495.13,1,0],"R":2367},{"C":[2,1,"10/4/2019","0001029-82.2019.8.06.0000","Claudiana Patrícia Costa Claudiano ",0,17,"708.374.493-91",35162.81,0,0,0,35162.81],"R":10245},{"C":[3,12,"5/13/2004","0015039-59.2004.8.06.0000","Cremilda Caetano Fernandes",44,"436.994.133-49",71208.39,71208.39],"R":63621},{"C":[0,4,87,24,1,38,19,0,48.45,2550,1,0],"R":10245,"Ø":32},{"C":["Francisca Albertina de Souza",0,"051.190.653-68",25500,0,2550,44.04,22950],"R":2367,"Ø":16384},{"C":[44,1,"4/5/2021","0000911-38.2021.8.06.0000",90,1,6,67,0,3801.48,0,17081.76,1,0],"R":2060},{"C":["Joana Alves de Lima",0,"059.465.378-90",142347.97,0,42704.39,0,90.98,99643.58],"R":2367},{"C":[91,1,68,0,6150.22,0,25622.63,1,0],"R":2367},{"C":[2,1,"4/26/2019","0001169-19.2019.8.06.0000","Deborah Cristina de Sousa Miranda ",0,17,"566.883.853-68",1063973.3,147866.22,8333.12,319191.99,0,187,"588581.97000000009"],"R":5},{"C":["Martins Advogados Associados  (Hon. Contratuais)",1,"18.490.336/0001-45",0,0,0,0,319191.99,1,0],"R":319},{"C":["Martins Advogados Associados (Hon. Sucumbenciais)",212794.62,0,212794.62],"R":48063},{"C":[3,13,"4/2/2002","0087573-40.2000.8.06.0000","ESPÓLIO DE OLAVO FRANÇA SOBREIRA",41,"****",10138.1,0,10138.1],"R":30853},{"C":[0,2,"8/17/2022",24,38,19,0,48.45,2550,1,0],"R":10373,"Ø":32},{"C":["Maria Josefinha Peixoto Lima",0,"109.869.013-34",25500,0,2550,67.51,22950],"R":2367,"Ø":16384},{"C":[45,1,4,"4/5/2021","0000912-23.2021.8.06.0000",90,1,6,67,0,359.31,0,4542.6,1,0],"R":2052},{"C":["Lucivalda Rodrigues do Carmo",0,"967.690.173-34",56782.47,0,11356.49,0,129,45425.98],"R":2367},{"C":[91,1,68,0,977.82,0,6813.9,1,0],"R":2367},{"C":[2,1,68,71,"Airton Quintino Farias",0,17,"054.189.763-20",0,2550,0,0],"R":68613},{"C":["Alba Maria Farias Cavalcante","060.704.693-72"],"R":130495},{"C":["Almir Medlen de Farias","817.838.926-68",0],"R":122303},{"C":["Amaro Farias Filho","010.214.193-20",2550],"R":122303},{"C":["Anisomar Quintino Farias","046.884.223-34"],"R":130495},{"C":["Ansiomar Quintino de Farias (Hon. Sucumbenciais)",1,35156.73,8772.1,0,1,"26384.630000000005"],"R":19263},{"C":["Arcangêla de Farias Amaral",0,"902.178,107-72",0,0,0,0],"R":26943},{"C":["Betânia de Farias Chiappani","782.798.367-72"],"R":130495},{"C":["Davidson Souza de Farias","790.078.807-72"],"R":130495},{"C":["Espólio de Amaro Farias",45,"005.317.903-04",703134.2,60580.27,60,642553.94],"R":26815},{"C":["Francisco Quintino Farias",17,"073.819.303-82",0,0,6000,0,0],"R":18623},{"C":["Gênova Souza de Farias do Carmo","505.725.806-06",0],"R":122303},{"C":["Iracema Quintino de Farias","243.280.813-49"],"R":130495},{"C":["Jeanvier Souza de Farias","042.465.367.25"],"R":130495},{"C":["Liduina Farias Barbosa","310.893.723-53",2550],"R":122303},{"C":["Luiz de Felipe de Farias","935.196.726-34",0],"R":122303},{"C":["Maria do Socorro Quintino de Farias","262.264.303-97",2550],"R":122303},{"C":["Marta Quintino de Farias","121.065.343-53"],"R":130495},{"C":["Nieja Souza de Farias Freitas","962.897.917-53",0],"R":122303},{"C":["Osvaldo Quintino Farias","167.845.533-49",2550],"R":122303},{"C":["Renata Farias – Sociedade Individual de Advocacia (Hon. Contratuais)",1,"49.543.723/0001-26",0,36050,1],"R":73023},{"C":["Roceli Onofre de Farias",0,"164.096.633-15",2550,0,0],"R":73023},{"C":["Rocemar Onofre de Farias","005.317.313-91"],"R":130495},{"C":["Severina Souza de Farias","790.078.727-53",2000],"R":122303},{"C":["Zairton Quintino de Farias","480.279.523-87",0],"R":122303},{"C":["Zairton Quintino de Farias (Hon. Sucumbenciais)",1,35156.73,8772.1,1,"26384.630000000005"],"R":27455},{"C":["Zlatica de Farias",0,"705.616.996-15",0,0,0,0],"R":26943},{"C":[3,14,"1/28/2008","0012011-44.2008.8.06.0000","JOAQUIM ORLANDO BRANDÃO",46,"170.039.033-34",55925.18,55925.18],"R":63621},{"C":[0,2,58,"Heraldo Guedis Lobo",38,"061.941.413-87",68653.5,9611.49,3913.66,8.65,"55128.350000000006"],"R":8325,"Ø":16416},{"C":[46,1,4,"4/5/2021","0000926-07.2021.8.06.0000",90,1,6,67,0,0,12491.332,48681.15,1,0],"R":8196},{"C":["Maria Oneide Campos da Silva",0,"189.055.363-87",405676.29,0,121702.89,0,106.26,"283973.39999999997"],"R":2367},{"C":[91,1,68,0,19184.98,0,73021.73,1,0],"R":2367},{"C":[2,1,"9/5/2019","0001439-43.2019.8.06.0000","Antênio Almeida da Silva   (Hon. Contratuais) - Espólio",47,67,3859.51,17292.76],"R":109701},{"C":["Francisco Manoel de Lima (Espólio)",0,"059.593.733-00",144106.34,0,43231.9,0,48,100874.44],"R":2367},{"C":["Paulo Teles da Silva  (Hon. Contratuais)",1,68,0,6237.26,0,25939.14,1,0],"R":2367},{"C":[3,15,"5/4/2015","0001023-17.2015.8.06.0000","ESPÓLIO DE TEREZINHA DE JESUS RIBEIRO",0,41,"273.063.643-91",710366.09,0,0,0,710366.09],"R":10245},{"C":[0,0,"3/9/2020","Arnaldo Sérgio Ferreira Costa",48,"088.194.243-04",8201.59,1640.32,14.4,6561.27],"R":6277,"Ø":16416},{"C":["Francisco Aprígio da Silva (Hon. Contratuais)",1,85,0,0,1640.32,1,0],"R":6463},{"C":[47,1,4,"4/5/2021","0000927-89.2021.8.06.0000","Espólio de Aldenora Lima de Carvalho",0,6,"265.404.523-49",191153.75,0,92,191153.75],"R":14340},{"C":[2,1,"9/5/2019","0001442-95.2019.8.06.0000","Antênio Almeida da Silva   (Hon. Contratuais)",1,17,67,0,3859.51,17292.76,1,0],"R":10245},{"C":["José Alves ",0,"002.560.303-59",144106.34,0,43231.9,0,48,100874.44],"R":2367},{"C":["Paulo Teles da Silva   (Hon. Contratuais)",1,68,0,6237.26,0,25939.14,1,0],"R":2367},{"C":[3,1,15,"8/19/2014","0002151-09.2014.8.06.0000","HONORÁRIOS SUCUMBENCIAIS",41,"****",4072.28,0,0,0,4072.28],"R":10369},{"C":[0,0,3,"10/21/2021",24,17,19,0,48.45,2550,1,0],"R":10369,"Ø":32},{"C":["Maria Raimunda Moura Costa",0,"220.614.103-59",25500,0,2550,44.28,22950],"R":2367,"Ø":16384},{"C":[48,1,4,"4/5/2021","0000930-44.2021.8.06.0000",90,1,6,67,0,6494.75,0,26875.44,1,0],"R":2052},{"C":["Francisca Laurinda Pessoa Fonteles",0,"018.616.203-06",223961.99,0,67188.6,0,91.09,"156773.38999999998"],"R":2367},{"C":[91,1,68,0,10190.12,0,40313.16,1,0],"R":2367},{"C":[2,1,"9/5/2019","0001443-80.2019.8.06.0000","Antênio Almeida da Silva (Hon. Contratuais) - Espólio",49,67,6072.19,25338.86],"R":109701},{"C":["Paulo Teles da Silva   (Hon. Contratuais)",68,9556.28,38008.28],"R":110015},{"C":[3,1,9,"7/2/2015","0001449-29.2015.8.06.0000","ESPÓLIO DE ALZIRA MARIA DE PAIVA",41,"111.707.603-25",2292.84,0,0,0,2292.84],"R":10369},{"C":[0,0,3,"6/29/2021","Angela Maria da Costa Brito",0,17,"729.266.003-72",17342.35,1734.24,62,"15608.109999999999"],"R":6145,"Ø":16416},{"C":[24,1,19,0,0,1734.24,1,0],"R":6463},{"C":[49,1,4,"4/5/2024","0000932-14.2021.8.06.0000",90,6,67,45950.74,170351.79],"R":109700},{"C":["Francisca Licia Machado Maia",0,"141.676.893-91",1419598.31,60277.53,425879.49,0,121.96,933441.29],"R":2367},{"C":[91,1,68,0,69374.12,0,255527.7,1,0],"R":2367},{"C":[2,1,"5/16/2019","0001532-06.2019.8.06.0000","Fabiano Aldo Alves Lima   (Hon. Contratuais)",17,19,33.98,2712.3],"R":109701},{"C":[3,7,"6/19/2017","0000818-17.2017.8.06.0000","HONORÁRIOS SUCUMBENCIAIS",41,"****",10163.78,0,0,0,10163.78],"R":10373},{"C":[0,3,"6/30/2021","Ana Angélica Lustosa Bittencourt Araújo",0,17,"180.986.653-72",25500,3570,12.89,21930],"R":12293,"Ø":16416},{"C":[50,1,4,"4/5/2024","0000935-66.2021.8.06.0000",90,1,6,67,0,0,6494.75,26875.44,1,0],"R":8196},{"C":["Maria Celeste Pessoa",0,"542.234.907-53",223961.99,0,67188.6,0,91.09,"156773.38999999998"],"R":2367},{"C":[91,1,68,0,10190.12,0,40313.16,1,0],"R":2367},{"C":[2,1,23,"0001536-43.2019.8.06.0000","Francisco Eudes Gomes  (Hon. Sucumbenciais)",17,"385.734.153-04",1028.09,0,0,1028.09],"R":43141},{"C":[3,5,"6/12/2018","0001031-86.2018.8.06.0000","ANGELITA DE SOUZA LIMA",0,37,"472.752.783-91",33634.23,0,33634.23],"R":30725},{"C":[0,2,"12/14/2022","Evandro Ferreira Monte (Hon. Contratuais)",1,17,"013.216.413-20",0,48.45,2550,1,0],"R":10245,"Ø":32},{"C":["Francisco Pereira de Menezes",0,"003.258.803-87",25500,949.31,5100,2.45,19450.69],"R":2367,"Ø":16384},{"C":["Melquisedec Holanda Monte  (Hon. Contratuais)",1,50,"548.605.043-72",0,48.45,0,2550,1,0],"R":2111},{"C":[51,1,4,"4/5/2024","0000941-73.2021.8.06.0000",90,6,67,9497.09,37793.06],"R":109700},{"C":["Maria Rita de Sousa de Oliveira",0,"219.838.283-00",314942.1,0,94482.63,0,100.58,"220459.46999999997"],"R":2367},{"C":[91,1,68,0,14693.63,0,56689.57,1,0],"R":2367},{"C":[2,1,23,"0001538-13.2019.8.06.0000","Alexandrina Leal e Silva",0,17,"056.464.643-15",47805.31,0,4780.53,0,62.36,43024.78],"R":2053},{"C":[82,1,19,0,418.65,0,4780.53,1,0],"R":2367},{"C":[3,0,"2/21/2020","0000677-90.2020.8.06.0000",76,51,"****",0,6180.9],"R":109701},{"C":[0,3,"12/17/2021",24,17,19,14.78,2101.09],"R":109701,"Ø":32},{"C":["Francisca Valriza Andrade Girão",0,"193.112.813-87",21010.86,0,2101.09,96,18909.77],"R":2367,"Ø":16384},{"C":[52,1,4,83,"0000985-92.2021.8.06.0000","Benedita Lima da Cunha",6,"174.572.893-72",97374.07,19474.81,0,0,"77899.260000000009"],"R":6276},{"C":["Patricio William Almeida Vieira (hon. contratuais)",1,10,0,4459.97,0,19474.81,1,0],"R":2367},{"C":[2,1,67,70,"Francisco Aprígio da Silva (Hon. Contratuais)",17,85,24.93,2591.55],"R":109701},{"C":[3,6,"5/7/2013","8506907-96.2013.8.06.0000","ESPÓLIO DE JOSÉ NUNES RODRIGUES (HON. CONTRATUAIS)",52,29,6079.19,0,0,0,6079.19],"R":10373},{"C":[0,2,"9/26/2022",24,17,19,0,1480.31,1,0],"R":14469,"Ø":32},{"C":["Sônia Climenia do Nascimento Bitu",0,"739.792.873-00",14803.13,1480.31,25,13322.82],"R":6463,"Ø":16384},{"C":[53,1,4,83,90,"Janaina Freire da Silva",6,"463.709.943-91",1052902.91,146355.36,39746.59,421161.16,0,77,445639.8],"R":132},{"C":[2,1,67,"0002103-74.2019.8.06.0000","Antênio Almeida da Silva (Hon. Contratuais)",1,17,67,0,0,3063.32,0,14397.53,1,0],"R":5},{"C":["Antônio Saboia de Alencar",0,"060.099.993-91",119979.45,0,35993.83,48,83985.61],"R":2367,"Ø":16384},{"C":["Paulo Teles da Silva  (Hon. Contratuais)",1,68,0,5042.98,0,21596.3,1,0],"R":2367},{"C":[3,1,9,"7/2/2015","0001403-40.2015.8.06.0000","HONORÁRIOS SUCUMBENCIAIS",53,"****",2447.84,0,0,0,2447.84],"R":10369},{"C":[0,0,3,"8/4/2021","Márcia Dânya Lobo do Amaral",0,17,"222.267.613-49",37537.45,5255.24,92.29,32282.21],"R":12289,"Ø":16416},{"C":[54,1,4,83,"0000989-32.2021.8.06.0000","José Airton da Silva",6,"015.268.393-34",626333.98,0,1769.68,125266.8,0,110.71,"499297.49999999994"],"R":132},{"C":["Patricio William Almeida Vieira (hon. contratuais)",1,10,0,33552.37,0,125266.8,1,0],"R":2367},{"C":[2,1,67,"0002110-66.2019.8.06.0000","Antênio Almeida da Silva (Hon. Contratuais)",17,67,3063.32,14397.53],"R":109701},{"C":["Francisco do Nascimento Castelo Branco ",0,"060.048.223-53",119979.45,0,35993.83,48,83985.62],"R":2367,"Ø":16384},{"C":["Paulo Teles da Silva  (Hon. Contratuais)",1,68,0,5042.98,0,21596.3,1,0],"R":2367},{"C":[3,7,"7/13/2016","0001035-94.2016.8.06.0000","HONORÁRIOS SUCUMBENCIAIS",54,"****",2013.45,0,0,0,2013.45],"R":10373},{"C":[0,2,"2/23/2023",24,17,19,0,48.45,2550,1,0],"R":10373,"Ø":32},{"C":["Maria das Dores Vasconcelos",0,"323.449.703-63",25500,0,2550,49.4,22950],"R":2367,"Ø":16384},{"C":[55,1,4,83,"0000990-17.2021.8.06.0000","José Batista Pereira",6,"006.202.203-25",1517936.35,75195.58,303587.27,0,117.45,1139153.5],"R":2180},{"C":["Patricio William Almeida Vieira (hon. contratuais)",1,10,0,82590.5,0,303587.27,1,0],"R":2367},{"C":[2,1,67,"0002122-80.2019.8.06.0000","José Montenegro Matos Filho ",0,17,"048.414.923-72",25611.61,3585.2,0,0,65,22026.41],"R":8197},{"C":[3,1,12,"5/30/2004","0016891-21.2004.8.06.0000","P. PEREIRA REPRESENTAÇÕES E COMÉRCIO LTDA",51,"06.600.225/0001-65",149751.34,0,0,149751.34],"R":28801},{"C":[0,0,2,"9/26/2022",24,1,17,19,0,27.53,2271.12,1,0],"R":10241,"Ø":32},{"C":["Maria do Perpetuo Socorro Miranda Carvalho",0,"072.299.253-04",22711.22,0,2271.12,52,"20440.100000000002"],"R":2367,"Ø":16384},{"C":[56,1,4,76,"0001185-02.2021.8.06.0000","Rita de Cássia Maia de Aquino",6,"123.198.053-20",251002.39,34089.29,40146.39,0,0,18.83,"176766.71000000002"],"R":132},{"C":[2,1,"6/13/2019","0002237-04.2019.8.06.0000","Áurea Aline de Sousa Teixeira  (Hon. Sucumbenciais)",1,17,"012.600.503-60",2058.09,0,0,1,2058.09],"R":24581},{"C":[3,16,"3/28/2006","0006496-96.2006.8.06.0000","MARIEMILIA DE CASTRO MADEIRA BARROS (ESPÓLIO)",0,51,"002.766.033-63",348813.22,0,348813.22],"R":30725},{"C":[0,2,"2/23/2023",24,1,17,19,0,1949.98,1,0],"R":14341,"Ø":32},{"C":["Maria Zélia de Araújo Fonteles",0,"231.588.913-87",19499.79,1949.98,72,17549.81],"R":6463,"Ø":16384},{"C":[57,1,4,76,"0001222-29.2021.8.06.0000","Espólio de Raimunda Rosa Rodrigues",6,"043.033.503-20",253908.93,21.57,0,0,94,253887.36],"R":2180},{"C":[2,1,99,"0002272-61.2019.8.06.0000","Sávio Brasil Gadelha  (Hon. Sucumbenciais)",1,17,"043.269.033-68",2491.19,17.4,1,2473.79],"R":26629},{"C":[3,9,"9/17/2015","0001718-68.2015.8.06.0000","JOÃO ROMÁRIO FERNANDES",0,55,"024.988.473-91",9954.52,0,0,9954.52],"R":26629},{"C":[0,4,94,24,1,56,19,0,48.45,2550,1,0],"R":10245,"Ø":32},{"C":["Maria Stela Viana Lucas",0,"111.429.013-00",25500,0,2550,84.21,22950],"R":2367,"Ø":16384},{"C":[58,1,76,"0001234-43.2021.8.06.0000","Charles de Lima Lourenço (hon. contratuais)",1,6,"501.749.833-87",0,5522.37,0,23339.57,1,0],"R":2060},{"C":["José Alves Filho",0,"203.198.603-10",77798.46,0,23339.54,0,0,"54458.920000000006"],"R":2367},{"C":[2,1,99,"0002275-16.2019.8.06.0000","Francisco Tadeu Maia de Lima ",17,"172.558.993-15",369871.93,50731.02,0,127.87,319140.91],"R":20613},{"C":["Rodrigo Chaves Ferreira Gomes   (Hon. Sucumbenciais)",1,32,"532.412.403-63",44927.76,0,11459.13,1,"33468.630000000005"],"R":24639},{"C":[3,7,"6/28/2017","0000888-34.2017.8.06.0000","HONORÁRIOS SUCUMBENCIAIS",53,"****",778.7,0,0,778.7],"R":26757},{"C":[0,3,"11/26/2021","Patrício Wiliam Almeida Vieira",34,10,0,289098,13730.7,1,0],"R":10373,"Ø":32},{"C":["Vicente de Paula Leonidas Albuquerque",0,"002.360.803-00",68653.5,0,13730.7,127.76,54922.8],"R":2367,"Ø":16384},{"C":[59,1,4,"5/31/2021","0001421-51.2021.8.06.0000","Carlos Henrique Cruz Advocacia (hon. sucumbenciais)",1,6,4,324183.12,4862.75,0,0,1,319320.37],"R":2052},{"C":[2,1,"6/21/2019","0002285-60.2019.8.06.0000","Francisca Lizete Fortaleza ",0,17,"123.152.063-91",57523.73,0,11504.75,27.6,46018.98],"R":18437},{"C":["Francisco Aprígio da Silva (Hon. Contratuais)",1,85,0,2267.81,0,11504.75,1,0],"R":2367},{"C":[3,77,"0002040-83.2018.8.06.0000","MARIA HELENA BEZERRA COELHO",0,55,"090.892.303-20",24898.41,0,0,0,24898.41],"R":10253},{"C":[0,3,"3/25/2022","JOSÉ RIBAMAR FILHO (HON. CONTRATUAIS)",1,48,"005.011.233-34",0,2890.98,13730.7,1,0],"R":10245,"Ø":32},{"C":["Maria de Lourdes Pereira da Silva",0,"699.730.243-20",68653.5,8560.44,0,13730.7,11.25,46362.36],"R":319,"Ø":16384},{"C":[60,1,4,"5/31/2021","0001422-36.2021.8.06.0000","Carlos Henrique Cruz Advocacia (hon. contratuais)",1,6,4,0,0,14000.29,0,933352.87,1,0],"R":4},{"C":["Luiza de Marilac Chagas Primo",0,"258.595.443-91",3733411.48,521626.56,308637.63,933352.87,0,173.7,1969794.42],"R":319},{"C":[2,1,"6/24/2019","0002316-80.2019.8.06.0000","Sávio Brasil Gadelha   (Hon. Sucumbenciais)",1,24,"043.269.033-68",4443.5,0,337.02,0,1,4106.48],"R":16389},{"C":[3,1,17,"6/2/2005","0016881-40.2005.8.06.0000","HONORÁRIOS SUCUMBENCIAIS",57,"****",8461.38,0,0,8461.38],"R":26753},{"C":[0,2,36,"Antônio Milton de Sousa",0,38,"204.256.433-87",71869,10780.35,61088.65],"R":38917,"Ø":16416},{"C":["João Batista Diniz Mendes  (Hon. Contratuais)",1,"168.174.003-68",0,2079.64,0,10780.35,1,0],"R":2367},{"C":[61,1,0,4,"6/2/2021","0001431-95.2021.8.06.0000","Maria Claudia Coelho Sampaio",0,6,"016.691.093-72",1415663.46,76837.6,212349.52,0,120.91,"1126476.3399999999"],"R":2048},{"C":["Patricio William Almeida Vieira (hon. contratuais)",1,10,0,57500.12,0,212349.52,1,0],"R":2367},{"C":[2,1,"6/26/2019","0002377-38.2019.8.06.0000","Fabiano Aldo Alves Lima   (Hon. Contratuais)",24,19,0,968.32],"R":109701},{"C":["Maria da Conceição Araújo Soares ",0,"092.897.803-63",9683.24,968.32,0,47.73,8714.92],"R":6463},{"C":[3,18,"6/20/2014","0001707-73.2014.8.06.0000","ESPÓLIO DE JOSÉ NUNES RODRIGUES (HON. SUCUMBENCIAIS)",1,58,29,2022.18,0,0,2022.18],"R":22533},{"C":[0,4,"4/5/2021",24,56,19,0,33.03,2344.44,1,0],"R":10373,"Ø":32},{"C":["Maria de Sales Fernandes",0,"140.309.423-34",23444.36,0,2344.44,75,"21099.920000000002"],"R":2367,"Ø":16384},{"C":[62,1,"6/30/2021","0001946-33.2021.8.06.0000","Charles de Lima Lourenço (hon. contratuais)",1,6,"501.749.833-87",0,14062.83,0,54395.74,1,0],"R":2060},{"C":["Raimunda Nonata Maia",0,"845.296.443-91",181319.15,0,54395.74,0,0,126923.41],"R":2367},{"C":[2,1,60,"0002376-53.2019.8.06.0000","Mário Alex Marques Nogueira  (Hon. Sucumbenciais)",1,24,"443.360.553-00",23693.7,5619.77,0,1,18073.93],"R":18437},{"C":[3,9,"7/31/2015","0001507-32.2015.8.06.0000","HONORÁRIOS SUCUMBENCIAIS",53,"****",4110.01,0,0,4110.01],"R":26757},{"C":[0,4,"11/25/2020",24,56,19,0,1375.45,1,0],"R":14469,"Ø":32},{"C":["Maria Zuleide Barroca Maciel",0,"061.918.943-68",13754.5,1375.45,23,12379.05],"R":6463,"Ø":16384},{"C":[63,1,1,"11/16/2020","0002847-35.2020.8.06.0000","Antonio Wilson Macedo",6,"110.488.914-53",78238.57,7823.86,0,0,70414.71],"R":6280},{"C":["José Romulo Maciel Lima (hon. contratuais)",1,"101.638.753-91",0,1255.56,0,7823.86,1,0],"R":2367},{"C":[2,0,1,"6/28/2019","0002431-04.2019.8.06.0000","José Airton Almeida Tabosa ",0,24,"458.099.333-00",88977.36,12456.83,0,0,40,76520.53],"R":8193},{"C":[3,"8/2/2018","0001251-84.2018.8.06.0000","ANTÔNIO SOBRAL NETO",1,51,"003.625.493-20",29522.38,0,0,29522.38],"R":28685},{"C":[0,4,"4/8/2021",24,56,19,0,48.45,2550,1,0],"R":10373,"Ø":32},{"C":["Maria Eliete Dias Cavalcante",0,"001.997.703-44",25500,0,2550,55.48,22950],"R":2367,"Ø":16384},{"C":[64,1,"2/22/2021","0000547-66.2021.8.06.0000","Helder de Freitas Moura",59,"145.891.683-91",8253.18,1650.64,0,0,6602.54],"R":6284},{"C":["Izadora MAria Lima de Albuquerque (hon. contratuais)",1,"916.121.014-53",0,0,1155.45,0],"R":39231},{"C":[1650.64],"R":114687},{"C":[1373.63,8253.18,1],"R":77823},{"C":["Lúcia Maria de Freitas Moura",0,"259.630.233-00",8253.18,0,1650.64,0,0,6602.54],"R":2367},{"C":["Maria alzeni de Freitas Moura",25,"511.109.543-87",41265.91,8253.18,33012.73],"R":55487}]}],"IC":false,"RT":[["64L","'ACORDOS'","'ALIMENTAR'","'2022'","'2/22/2021'","'0000547-66.2021.8.06.0000'","'Maria alzeni de Freitas Moura'","'C'","'9/10/2024'","'511.109.543-87'","41265.91D","0D","0D","8253.18D","0D","0D","33012.73D"]],"ValueDicts":{"D0":["SUPERPREFERÊNCIA","ACORDOS","CRONOLOGIA","DISP. JUIZ ORIGEM","RESERVA"],"D1":["ALIMENTAR","COMUM"],"D2":["2021","2020","2024","2023","2022","2019","2014","2018","2025","2017","2011","2012","2005","2003","2009","2016","2007","2006","2015"],"D3":["11/26/2019","10/17/2018","3/29/2023","8/7/2018","10/18/2018","9/13/2021","10/23/2018","5/2/2019","3/27/2022","12/12/2019","10/25/2018","10/31/2018","2/21/2019","8/20/2020","12/19/2019","11/1/2018","5/15/2019","6/1/2022","1/10/2020","11/21/2018","2/12/2021","2/12/2020","1/16/2019","5/17/2019","9/30/2022","3/5/2020","1/28/2019","8/7/2019","8/5/2021","10/26/2018","3/6/2020","12/6/2019","2/13/2023","11/5/2018","2/22/2019","3/1/2019","3/28/2023","11/6/2018","12/3/2019","5/14/2019","8/13/2021","2/2/2023","8/11/2018","3/20/2019","11/29/2022","2/10/2022","11/13/2018","3/28/2019","10/25/2021","11/17/2020","5/4/2020","11/19/2018","1/4/2019","3/14/2022","9/10/2020","10/7/2019","5/4/2019","12/18/2018","8/29/2022","11/18/2019","6/27/2019","6/14/2022","12/18/2019","11/20/2018","4/24/2019","9/30/2020","7/21/2021","6/6/2019","4/30/2019","6/29/2022","8/11/2020","5/12/2018","6/19/2019","1/19/2021","8/26/2020","12/14/2018","4/29/2021","10/8/2018","10/1/2020","3/9/2022","1/13/2021","9/11/2020","7/6/2019","4/7/2021","10/20/2020","9/29/2020","7/26/2019","10/27/2020","10/1/2019","5/9/2018","3/7/2018","5/9/2019","8/9/2019","10/13/2020","10/14/2020","2/13/2019","1/31/2023","6/8/2018","2/17/2021","6/18/2019"],"D4":["0004160-65.2019.8.06.0000","0002060-74.2018.8.06.0000","0002093-64.2018.8.06.0000","0002091-94.2018.8.06.0000","0001266-53.2018.8.06.0000","0002119-62.2018.8.06.0000","0002092-79.2018.8.06.0000","0003688-64.2019.8.06.0000","0002147-30.2018.8.06.0000","0000552-59.2019.8.06.0000","0000155-63.2020.8.06.0000","0002161-14.2018.8.06.0000","0002194-04.2018.8.06.0000","0000600-18.2019.8.06.0000","0000320-13.2020.8.06.0000","0002163-81.2018.8.06.0000","0002222-69.2018.8.06.0000","0001481-92.2019.8.06.0000","0000278-61.2020.8.06.0000","0002166-36.2018.8.06.0000","0000215-70.2019.8.06.0000","0001485-32.2019.8.06.0000","0000585-15.2020.8.06.0000","0002167-21.2018.8.06.0000","0000450-37.2019.8.06.0000","0001539-95.2019.8.06.0000","0000817-27.2020.8.06.0000","0002168-06.2018.8.06.0000","0000509-25.2019.8.06.0000","0002572-23.2019.8.06.0000","0000831-11.2020.8.06.0000","0002169-88.2018.8.06.0000","0000539-60.2019.8.06.0000","0002647-62.2019.8.06.0000","0000913-42.2020.8.06.0000","0000604-55.2019.8.06.0000","0002174-76.2019.8.06.0000","0000917-79.2020.8.06.0000","0000073-66.2019.8.06.0000","0000695-48.2019.8.06.0000","0000672-05.2019.8.06.0000","0000919-49.2020.8.06.0000","0000078-88.2019.8.06.0000","0000731-90.2019.8.06.0000","0001463-71.2019.8.06.0000","0000925-56.2020.8.06.0000","0000086-65.2019.8.06.0000","0000846-14.2019.8.06.0000","0628232-28.2023.8.06.0000","0000929-93.2020.8.06.0000","0000088-35.2019.8.06.0000","0000912-91.2019.8.06.0000","0002280-96.2023.8.06.0000","0001035-55.2020.8.06.0000","0000099-64.2019.8.06.0000","0000934-52.2019.8.06.0000","0001675-53.2023.8.06.0000","0003706-85.2019.8.06.0000","0000118-70.2019.8.06.0000","0001002-02.2019.8.06.0000","0000399-26.2019.8.06.0000","0004095-70.2019.8.06.0000","0000120-40.2019.8.06.0000","0002382-60.2019.8.06.0000","0628233-13.2023.8.06.0000","0000270-84.2020.8.06.0000","0000129-02.2019.8.06.0000","0001164-94.2019.8.06.0000","0628231-43.2023.8.06.0000","0001851-37.2020.8.06.0000","0002052-63.2019.8.06.0000","0001317-30.2019.8.06.0000","0002020-24.2020.8.06.0000","0000287-57.2019.8.06.0000","0002282-08.2019.8.06.0000","0000156-82.2019.8.06.0000","0002096-48.2020.8.06.0000","0000324-84.2019.8.06.0000","0000319-62.2019.8.06.0000","0000236-46.2019.8.06.0000","0002442-96.2020.8.06.0000","0001003-84.2019.8.06.0000","0001938-61.2018.8.06.0000","0002441-14.2020.8.06.0000","0000329-09.2019.8.06.0000","0001153-65.2019.8.06.0000","0001672-98.2023.8.06.0000","0002446-36.2020.8.06.0000","0000397-56.2019.8.06.0000","0002156-55.2019.8.06.0000","0000987-62.2021.8.06.0000","0002488-85.2020.8.06.0000","0002786-14.2019.8.06.0000","0000992-84.2021.8.06.0000","0002494-92.2020.8.06.0000","0000431-31.2019.8.06.0000","0000618-73.2018.8.06.0000","0000308-67.2018.8.06.0000","0002503-54.2020.8.06.0000","0000480-72.2019.8.06.0000"],"D5":["Noézia da Cruz","Edmilson Almeida Alves (Hon. Contratuais)","Paulo Henrique Moreira de Menezes","Maria Hilda Vieira da Silva","Glayddes Maria Sindeaux","Maria de Fatima Silveira Macedo","Carlos Henrique Cruz Advocacia  (Hon. Contratuais)","Maria Otília Guedes Bezerra","EDVAR BARROSO MACIEL FILHO","Moisés Castelo de Mendonça (Hon. Sucumbenciais)","Joaquim Juarez Moreira Camurça","GLAYDDES SINDEAUX ESMERALDO (HON. CONTRATUAIS)","José Wagner Rodrigues Longuinho (Hon. Contratuais)","Patricio Wiliam Almeida Vieira","Renato Menezes Bezerra","Silvanês Pires de Sousa (Hon. Contratuais)","Pleopotenciário Campos Nogueira","Alzira Maria de Paiva","José Mário Menezes Granja","Studart e Norões Milfont Advogados Associados (Hon. Contratuais)","Maria Socorro Ferreira de Sena","Tânia Maria Carneiro Silva (Hon. Sucumbenciais)","Luis de Gonzaga Pereira Luiz","Tânia Maria Carneiro Silva","Fabiano Aldo Alves Lima (hon. contratuais)","Francilena Maria Oliveira Rios","Espólio de Gracy Alves Silva","Francisco Welton Linhares Demétrio de Souza","Francisca Garcia Feitoza","Maria Celia Pinto do Monte","Tânia Maria Carneiro Silva (Hon. Contratuais)","Zânia Maria Alencar Cunha Feitosa","Maria Helenita Nunes Cavalcante","José Pereira dos Santos ","Fatima Figueiredo Maia","Maria Altina Gondim Rocha","Espólio de Nilson Borges da Silva","Espólio José Nunes Rodrigues  (Hon. Sucumbenciais)","Luiz Henrique Gadelha de Oliveira","Irene da Silva Costa","Antonio Bandeira Lima","Braga Albuquerque Advocacia e Consultoria (hon. contratuais)","Deusarina Couto Marques ","Jader Martins Rodrigues","Santana Advogados Associados  (Hon. Contratuais)","Braga Albuquerque Advocacia e Consultoria (Hon. cotratuais)","Teresa Cristina Ferreira da Fonseca","José Maria da Silva Araújo (Hon. Sucumbenciais)","José Maria da Silva Araújo (Hon. Sucumbenciais)","Naila Maria de Oliveira Gondim","Sílvio César Farias","Herbert Rodrigues Sociedade Individual de Advocacia (Hon. Contratuais)","Osmar Herculano Araújo","Romulo Fernandes Olinda","Pedro Ferreira Freitas (Hon. Contratuais)","Francisco Cláudio Rocha Victor   (Hon. Sucumbenciais)","Eunice Lima de Cruz ","Raimundo Nonato Ferreira Feitosa","Terezinha Almeida de Sá","Edmilson Almeida Fernandes  (Hon. Contratuais)","João Batista Caetano Ramos ","Maria Claudenete Alves Rodrigues ","Carlos Augusto dos Santos (Hon. Sucumbenciais)","Janile Lima Viana (Hon. Contratuais)","João Bezerra Silva Neto (Hon. Contratuais)","Marleiba Vanuza Viana Silva","BRAGA ALBUQUERQUE ADVOCACIA E CONSULTORIA","Maria Irinea de Paiva Correia Picanço","Leonora Ramos Moura ","Espólio de Sulamita Lima de Castro","Nubia da SIlva Crispim","José Vanderley de Aguiar","Ines Soares Nascimento","Suzana Cavalcante Gomes","Maria de Lourdes Correia  (Hon. Sucumbenciais)","José Nunes Rodrigues ","HONORÁRIOS CONTRATUAIS","Francisco Edival Lucena de Oliveira (Hon. Contratuais)","Igor Cabral de Oliveira (Hon. Contratuais)","Maria de Fátima Tomaz de Freitas","Tarcisio Soares da Silva","Denize Maia Costa ","Fabiano Aldo Alves Lima  (Hon. Contratuais)","Aládia Saraiva Martins","Antônio Leal Ramos","José Sergio Pereira de Oliveira","Adauto do Nascimento","José Nunes Rodrigues   (Hon. Sucumbenciais)","Francisco Batista de Vasconcelos","Carlos Alberto Aragão de Oliveira","Espólio de Antênio Almeida da Silva (hon. contratuais)","Paulo Teles da Silva (hon. contratuais)","Débora Quitéria Oliveira Vieira(Hon. contratuais)","João Gonçalves Filho","Maria Marlene de Sousa Bastos ","Maria Alice Frota ","Rose Mary Militão de Sousa","Maria Nogueira de Sá","Luciano Cavalcante Filho","Santoro Sociedade de Advogados (hon. sucumbenciais)"],"D6":["C","A"],"D7":["1/23/2024","5/31/2024","3/6/2024","6/21/2024","7/9/2024","6/27/2024","8/30/2024","8/8/2024","6/26/2024","4/6/2024","12/13/2023","12/12/2023","4/25/2024","1/25/2024","2/20/2024","11/21/2024","2/21/2024","5/6/2024","2/26/2024","3/11/2024","6/7/2024","3/12/2024","6/4/2024","3/21/2024","6/6/2024","9/10/2024","7/6/2024","1/24/2024","4/19/2024","5/23/2024","7/29/2024","3/27/2024","7/10/2024","8/16/2024","4/30/2024","9/5/2024","9/26/2024","9/12/2024","5/2/2024","9/6/2024","7/2/2024","9/11/2024","12/13/2024","9/30/2024","10/1/2024","7/3/2024","10/18/2024","6/5/2024","5/3/2024","7/5/2024","7/30/2024","10/21/2024","10/31/2024","10/29/2024","10/30/2024","10/17/2024","5/7/2024","10/10/2024","11/6/2024","9/2/2024"],"D8":["018.649.473-49","043.077.473-72","443.971.943-00","060.570.633-68","02.541.671/0001-95","041.588.063-72","511.043.003-97","060.788.183-68","058.420.263-68","024.247.223-07","116.191.713-68","629.292.913-20","266.392.893-34","012.998.403-53","090.185.063-20","08.672.534/0001-76","122.864.513-20","167.479.173-91","210.321.493-53","317.187.283-87","614.774.193-49","617.425.463-15","168.227.493-49","209.720.593-34","021.803.403-20","145.938.073-87","042.939.593-00","002.446.353-15","090.338.904-53","010.633.916-87","088.479.833-04","005.603.323-00","17.098.318/0001-50","002.245.023-87","22.328.971/0001-06","071.266.623-00","245.922.933-04","081.137.263-49","51.246.977/0001-24","073.505.033-34","170.333.813-87","048.607.303-30","013.987.173-04","069.510.153-68","285.797.203-20","502.415.403-72","179.786.963-91","013.405.413-00","043.224.823-41","258.656.843-53","024.321.963-68","139.339.043-68","042.870.023-34","122.527.783-34","119.254.423-49","8/31/2024","154.470.903-00","426.390.263-72","021.132.473-64","081.472.053-68","016.588.833-49","213.540.223-00","016.727.973-49","010.406.853-15","209.906.503-91","028.294.668-37","208.898.443-72","037.765.573-20","003.632.003-04","000.302.893-35","039.146.313-68","220.522.243-00","510.759.973-72","028.775.703-04","117.748.513-34","17.713.986/0001-40","299.429.503-20","01.237.548/0001-12","491.844.663-91","194.636.183-68","179.864.943-87","360.465.073-91","041.446.193-20","188.757.263-53","192.492.503-63","017.638.303-49","013.807.533-68","134.683.323-00","314.801.363-87","033.248.343-68","141.855.633-53","080.830.964-15","072.968.353-20","04.484.098/0001-50","013.328.053-53","393.392.543-68","698.061.443-68","213.871.333-49","765.768.473-53","026.769.313-34"]}}]}}}}]}