{"jobIds":["f769da34-d55b-46b8-900e-5d27a99a0b1b"],"results":[{"jobId":"f769da34-d55b-46b8-900e-5d27a99a0b1b","result":{"data":{"timestamp":"2025-10-21T16:40:21.687Z","rootActivityId":"cc39d59d-46b1-4b36-8aa9-eb8641d4e9ac","descriptor":{"Select":[{"Kind":1,"Depth":0,"Value":"G0","GroupKeys":[{"Source":{"Entity":"Estado_Acordo_Edital_01_2024","Property":"Ordem"},"Calc":"G0","IsSameAsSelect":true}],"Name":"Sum(Estado_Acordo_Edital_01_2024.Ordem)"},{"Kind":1,"Depth":0,"Value":"G1","GroupKeys":[{"Source":{"Entity":"Estado_Acordo_Edital_01_2024","Property":"Ano Orçamento"},"Calc":"G1","IsSameAsSelect":true}],"Name":"Sum(Estado_Acordo_Edital_01_2024.Ano Orçamento)"},{"Kind":1,"Depth":0,"Value":"G2","GroupKeys":[{"Source":{"Entity":"Estado_Acordo_Edital_01_2024","Property":"Natureza do Crédito"},"Calc":"G2","IsSameAsSelect":true}],"Name":"Estado_Acordo_Edital_01_2024.Natureza do Crédito"},{"Kind":1,"Depth":0,"Value":"G3","GroupKeys":[{"Source":{"Entity":"Estado_Acordo_Edital_01_2024","Property":"Data de Cadastro"},"Calc":"G3","IsSameAsSelect":true}],"Name":"Estado_Acordo_Edital_01_2024.Data de Cadastro"},{"Kind":1,"Depth":0,"Value":"G4","GroupKeys":[{"Source":{"Entity":"Estado_Acordo_Edital_01_2024","Property":"Precatório"},"Calc":"G4","IsSameAsSelect":true}],"Name":"Estado_Acordo_Edital_01_2024.Precatório"},{"Kind":1,"Depth":0,"Value":"G5","GroupKeys":[{"Source":{"Entity":"Estado_Acordo_Edital_01_2024","Property":"STATUS"},"Calc":"G5","IsSameAsSelect":true}],"Name":"Estado_Acordo_Edital_01_2024.STATUS"},{"Kind":1,"Depth":0,"Value":"G6","Format":"\"R$\"\\ #,0.00;-\"R$\"\\ #,0.00;\"R$\"\\ #,0.00","GroupKeys":[{"Source":{"Entity":"Estado_Acordo_Edital_01_2024","Property":"Valor"},"Calc":"G6","IsSameAsSelect":true}],"Name":"Sum(Estado_Acordo_Edital_01_2024.Valor)"}],"Expressions":{"Primary":{"Groupings":[{"Keys":[{"Source":{"Entity":"Estado_Acordo_Edital_01_2024","Property":"Ordem"},"Select":0},{"Source":{"Entity":"Estado_Acordo_Edital_01_2024","Property":"Ano Orçamento"},"Select":1},{"Source":{"Entity":"Estado_Acordo_Edital_01_2024","Property":"Natureza do Crédito"},"Select":2},{"Source":{"Entity":"Estado_Acordo_Edital_01_2024","Property":"Data de Cadastro"},"Select":3},{"Source":{"Entity":"Estado_Acordo_Edital_01_2024","Property":"Precatório"},"Select":4},{"Source":{"Entity":"Estado_Acordo_Edital_01_2024","Property":"STATUS"},"Select":5},{"Source":{"Entity":"Estado_Acordo_Edital_01_2024","Property":"Valor"},"Select":6}],"Member":"DM0"}]}},"Version":2},"metrics":{"Version":"1.0.0","Events":[{"Id":"022448db-895a-4410-9485-e8898e52ab82","Name":"Execute Semantic Query","Component":"DSE","Start":"2025-10-21T16:40:21.6875647Z","End":"2025-10-21T16:40:21.8125711Z"},{"Id":"e0a07c75-4fcf-4501-a09d-2191e62cb467","ParentId":"022448db-895a-4410-9485-e8898e52ab82","Name":"Execute DAX Query","Component":"DSE","Start":"2025-10-21T16:40:21.781321Z","End":"2025-10-21T16:40:21.8125711Z","Metrics":{"RowCount":158}},{"Id":"5FFBD545-ACF2-4944-A654-52598BBEF113","ParentId":"e0a07c75-4fcf-4501-a09d-2191e62cb467","Name":"Execute Query","Component":"AS","Start":"2025-10-21T16:40:21.813Z","End":"2025-10-21T16:40:21.817Z"},{"Id":"AA0EDD3C-82C9-4FAF-A309-0867E459F808","ParentId":"5FFBD545-ACF2-4944-A654-52598BBEF113","Name":"Serialize Rowset","Component":"AS","Start":"2025-10-21T16:40:21.817Z","End":"2025-10-21T16:40:21.817Z"}]},"fromCache":false,"dsr":{"Version":2,"MinorVersion":1,"DS":[{"N":"DS0","PH":[{"DM0":[{"S":[{"N":"G0","T":4},{"N":"G1","T":1,"DN":"D0"},{"N":"G2","T":1,"DN":"D1"},{"N":"G3","T":1,"DN":"D2"},{"N":"G4","T":1,"DN":"D3"},{"N":"G5","T":1,"DN":"D4"},{"N":"G6","T":3}],"C":[158,0,0,0,0,0,1152313.01]},{"C":[157,1,1,1,1,150736.28],"R":2},{"C":[156,2,2,0,95567.3],"R":6},{"C":[155,3,3,2,347243.96],"R":6},{"C":[154,4,4,162454.12],"R":38},{"C":[153,5,5,3,248946.48],"R":6},{"C":[152,6,0,224651.26],"R":14},{"C":[151,6,7,301969.02],"R":38},{"C":[150,7,8,540746.7],"R":38},{"C":[149,8,9,1,354896.45],"R":6},{"C":[148,10,0,175655.03],"R":14},{"C":[147,9,11,36066.37],"R":38},{"C":[146,10,12,150800.42],"R":38},{"C":[145,1,0,11,13,22597.62],"R":32},{"C":[144,12,14,2,264696.37],"R":6},{"C":[143,15,1588178.23],"R":46},{"C":[142,16,264696.37],"R":46},{"C":[141,1,13,17,0,58623.88],"R":2},{"C":[140,14,18,15758.28],"R":38},{"C":[139,15,19,100224.29],"R":38},{"C":[138,16,20,171915.18],"R":38},{"C":[137,17,21,35273.57],"R":38},{"C":[136,22,2,27362.64],"R":14},{"C":[135,2,18,23,0,94855.96],"R":4},{"C":[134,24,113133.13],"R":46},{"C":[133,25,193309.16],"R":46},{"C":[132,19,26,82631.43],"R":38},{"C":[131,27],"R":110},{"C":[130,20,28,2,56554.51],"R":6},{"C":[129,29,467392.65],"R":46},{"C":[128,30,0,168593.53],"R":14},{"C":[127,31,5108894.87],"R":46},{"C":[126,21,32,2,201890.03],"R":6},{"C":[125,33,0,207047.3],"R":14},{"C":[124,22,34,260858.92],"R":38},{"C":[123,23,35,26707.58],"R":38},{"C":[122,36],"R":110},{"C":[121,24,37,57146.83],"R":38},{"C":[120,38,2],"R":78},{"C":[119,39,0,193268.03],"R":14},{"C":[118,40,369741.17],"R":46},{"C":[117,41,193309.16],"R":46},{"C":[116,25,42,2,362603.15],"R":6},{"C":[115,43,0,78388.2],"R":14},{"C":[114,44],"R":110},{"C":[113,45],"R":110},{"C":[112,46],"R":110},{"C":[111,47],"R":110},{"C":[110,26,48,4,45255.82],"R":6},{"C":[109,49,0,78205.26],"R":14},{"C":[108,50,67460.72],"R":46},{"C":[107,51,52819.57],"R":46},{"C":[106,27,52,31764.15],"R":38},{"C":[105,28,53,237332.9],"R":38},{"C":[104,29,54,528347.58],"R":38},{"C":[103,55,20041.51],"R":46},{"C":[102,56],"R":110},{"C":[101,30,57,64650.73],"R":38},{"C":[100,31,58,19301.79],"R":38},{"C":[99,32,59,144080.75],"R":38},{"C":[98,33,60,202990.4],"R":38},{"C":[97,34,61,2,216836.26],"R":6},{"C":[96,35,62,0,55829.53],"R":6},{"C":[95,3,0,36,63,38401.15],"R":32},{"C":[94,37,64,2,46500],"R":6},{"C":[93,38,65,0,51988.86],"R":6},{"C":[92,1,39,66,347812.12],"R":34},{"C":[91,67,313030.91],"R":46},{"C":[90,68],"R":110},{"C":[89,69,2,260859.09],"R":14},{"C":[88,70,0,260859.98],"R":14},{"C":[87,71,260859.38],"R":46},{"C":[86,40,72,44661.85],"R":38},{"C":[85,41,73,18283.7],"R":38},{"C":[84,42,74,135640.78],"R":38},{"C":[83,75,226068.28],"R":46},{"C":[82,76,115662.85],"R":46},{"C":[81,77,226068.44],"R":46},{"C":[80,78],"R":110},{"C":[79,36,79,437683.13],"R":38},{"C":[78,80,437976.91],"R":46},{"C":[77,43,81,141288.18],"R":38},{"C":[76,44,82,133946.78],"R":38},{"C":[75,45,83,116506.18],"R":38},{"C":[74,84,87077.46],"R":46},{"C":[73,85,118366.81],"R":46},{"C":[72,86,62396.14],"R":46},{"C":[71,87,134511.88],"R":46},{"C":[70,88,131509.62],"R":46},{"C":[69,89,63342.07],"R":46},{"C":[68,90,133557.23],"R":46},{"C":[67,91,185021.75],"R":46},{"C":[66,46,92,58428.26],"R":38},{"C":[65,47,93,171332.51],"R":38},{"C":[64,94,71711.03],"R":46},{"C":[63,95,269675.15],"R":46},{"C":[62,96,151816.86],"R":46},{"C":[61,48,97,17393.97],"R":38},{"C":[60,49,98,45837.02],"R":38},{"C":[59,38,99,46466.51],"R":38},{"C":[58,"0002836-69.2021.8.06.0000",110989.68],"R":46},{"C":[57,"0002835-84.2021.8.06.0000",99917.73],"R":46},{"C":[56,"0002832-32.2021.8.06.0000",117234.47],"R":46},{"C":[55,"0002827-10.2021.8.06.0000",149943.17],"R":46},{"C":[54,"0002821-03.2021.8.06.0000",212761.93],"R":46},{"C":[53,"0002818-48.2021.8.06.0000",120242.25],"R":46},{"C":[52,"0002817-63.2021.8.06.0000",85631.88],"R":46},{"C":[51,"0002816-78.2021.8.06.0000",100206.23],"R":46},{"C":[50,"0002813-26.2021.8.06.0000",135926.9],"R":46},{"C":[49,"0002810-71.2021.8.06.0000",107419.57],"R":46},{"C":[48,"0002801-12.2021.8.06.0000",133217.4],"R":46},{"C":[47,"0002799-42.2021.8.06.0000",112795.92],"R":46},{"C":[46,"0002794-20.2021.8.06.0000",140857.07],"R":46},{"C":[45,"0002790-80.2021.8.06.0000",3,136267.97],"R":14},{"C":[44,"0002788-13.2021.8.06.0000",0,43759.97],"R":14},{"C":[43,"0002785-58.2021.8.06.0000",25019.17],"R":46},{"C":[42,"0002781-21.2021.8.06.0000",68224.5],"R":46},{"C":[41,50,"0002768-22.2021.8.06.0000",99552.3],"R":38},{"C":[40,"0002766-52.2021.8.06.0000",119188.87],"R":46},{"C":[39,"0002756-08.2021.8.06.0000",106312.62],"R":46},{"C":[38,"0002752-68.2021.8.06.0000",108586.17],"R":46},{"C":[37,"0002742-24.2021.8.06.0000",81223.39],"R":46},{"C":[36,"0002628-85.2021.8.06.0000",142142.98],"R":46},{"C":[35,51,"0002613-19.2021.8.06.0000",146039.98],"R":38},{"C":[34,"0002605-42.2021.8.06.0000",91065.58],"R":46},{"C":[33,"0002604-57.2021.8.06.0000",79048.84],"R":46},{"C":[32,"0002566-45.2021.8.06.0000",52876.39],"R":46},{"C":[31,"0002562-08.2021.8.06.0000",46500.75],"R":46},{"C":[30,"0002559-53.2021.8.06.0000",106612.99],"R":46},{"C":[29,52,"0002547-39.2021.8.06.0000",47350.2],"R":38},{"C":[28,53,"0002532-70.2021.8.06.0000",215156.64],"R":38},{"C":[27,54,"0002524-93.2021.8.06.0000",923898.92],"R":38},{"C":[26,"0002523-11.2021.8.06.0000",533241.46],"R":46},{"C":[25,"0002513-64.2021.8.06.0000",215984.55],"R":46},{"C":[24,"0002506-72.2021.8.06.0000",179803.86],"R":46},{"C":[23,"0002503-20.2021.8.06.0000",115916.11],"R":46},{"C":[22,"0002500-65.2021.8.06.0000",357190.91],"R":46},{"C":[21,"0002498-95.2021.8.06.0000",70773.34],"R":46},{"C":[20,"0002485-96.2021.8.06.0000",2,177497.44],"R":14},{"C":[19,55,"0002478-07.2021.8.06.0000",71711.04],"R":38},{"C":[18,"0002472-97.2021.8.06.0000",217728.07],"R":46},{"C":[17,56,"0002427-93.2021.8.06.0000",0,120496.51],"R":6},{"C":[16,57,"0002426-11.2021.8.06.0000",230495.87],"R":38},{"C":[15,58,"0000283-15.2022.8.06.0000",4,40733.47],"R":6},{"C":[14,59,"0002238-18.2021.8.06.0000",0,116665.87],"R":6},{"C":[13,60,"0002179-30.2021.8.06.0000",136946.31],"R":38},{"C":[12,"0002174-08.2021.8.06.0000",68891.32],"R":46},{"C":[11,61,"0002232-11.2021.8.06.0000",174766.92],"R":38},{"C":[10,4,0,62,"0001644-04.2021.8.06.0000",2,898658.85]},{"C":[9,"0001643-19.2021.8.06.0000"],"R":110},{"C":[8,1,39,"0001177-88.2022.8.06.0000",0,260859.09],"R":2},{"C":[7,63,"0002624-82.2020.8.06.0000",245115.39],"R":38},{"C":[6,64,"0002542-51.2020.8.06.0000",75784.97],"R":38},{"C":[5,"0002541-66.2020.8.06.0000"],"R":110},{"C":[4,"0002536-44.2020.8.06.0000"],"R":110},{"C":[3,65,"0002487-03.2020.8.06.0000",145445.39],"R":38},{"C":[2,66,"0002202-10.2020.8.06.0000",288193.99],"R":38},{"C":[1,67,"0001734-46.2020.8.06.0000",2,31795.85],"R":6}]}],"IC":true,"HAD":true,"ValueDicts":{"D0":["2026","2025","2024","2023","2022"],"D1":["COMUM","ALIMENTAR"],"D2":["11/21/2024","12/4/2024","11/22/2024","10/15/2024","6/25/2024","6/21/2024","5/28/2024","5/20/2024","4/30/2024","4/23/2024","4/7/2024","1/16/2024","11/20/2023","4/1/2024","8/25/2023","8/9/2023","5/31/2023","4/14/2023","3/30/2023","3/29/2023","3/28/2023","2/15/2023","2/9/2023","1/17/2023","12/14/2022","12/13/2022","11/18/2022","11/9/2022","10/20/2022","8/29/2022","6/30/2022","6/29/2022","6/28/2022","5/27/2022","5/12/2022","4/22/2022","2/2/2022","1/28/2022","9/15/2021","9/3/2022","4/1/2022","3/9/2022","2/28/2022","1/11/2022","12/17/2021","12/15/2021","15/12/2021","12/13/2021","10/28/2021","9/21/2021","9/13/2021","9/10/2021","9/3/2021","8/30/2021","8/24/2021","24/08/2021","8/16/2021","16/08/2021","8/11/2021","8/4/2021","7/22/2021","4/8/2021","6/22/2021","10/14/2020","10/2/2020","9/29/2020","28/08/2020","7/13/2020"],"D3":["3007120-64.2024.8.06.0000","3007732-02.2024.8.06.0000","3007219-34.2024.8.06.0000","3006023-29.2024.8.06.0000","3004536-24.2024.8.06.0000","3004457-45.2024.8.06.0000","3004451-38.2024.8.06.0000","3003856-39.2024.8.06.0000","3003549-85.2024.8.06.0000","3003037-05.2024.8.06.0000","3003035-35.2024.8.06.0000","3002750-42.2024.8.06.0000","3004760-59.2024.8.06.0000","3000314-13.2024.8.06.0000","3001960-92.2023.8.06.0000","3001959-10.2023.8.06.0000","3001958-25.2023.8.06.0000","3002028-08.2024.8.06.0000","0004128-21.2023.8.06.0000","0004007-90.2023.8.06.0000","0003019-69.2023.8.06.0000","0002603-04.2023.8.06.0000","0002590-05.2023.8.06.0000","0002234-10.2023.8.06.0000","0002219-41.2023.8.06.0000","0002156-16.2023.8.06.0000","0002127-63.2023.8.06.0000","0002125-93.2023.8.06.0000","0001996-88.2023.8.06.0000","0001991-66.2023.8.06.0000","0002085-14.2023.8.06.0000","0002056-61.2023.8.06.0000","0001184-46.2023.8.06.0000","0001173-17.2023.8.06.0000","0001101-30.2023.8.06.0000","0000876-10.2023.8.06.0000","0000869-18.2023.8.06.0000","0000791-24.2023.8.06.0000","0000779-10.2023.8.06.0000","0000775-70.2023.8.06.0000","0000774-85.2023.8.06.0000","0000769-63.2023.8.06.0000","0000976-62.2023.8.06.0000","0000970-55.2023.8.06.0000","0000967-03.2023.8.06.0000","0000963-63.2023.8.06.0000","0000959-26.2023.8.06.0000","0000806-90.2023.8.06.0000","0000589-47.2023.8.06.0000","0000582-55.2023.8.06.0000","0000581-70.2023.8.06.0000","0000580-85.2023.8.06.0000","0000500-24.2023.8.06.0000","0000258-65.2023.8.06.0000","0003352-55.2022.8.06.0000","0003351-70.2022.8.06.0000","0003350-85.2022.8.06.0000","0002860-63.2022.8.06.0000","0002789-61.2022.8.06.0000","0002753-19.2022.8.06.0000","0002491-69.2022.8.06.0000","0002444-95.2022.8.06.0000","0002221-45.2022.8.06.0000","0000758-68.2022.8.06.0000","0000729-18.2022.8.06.0000","0000028-57.2022.8.06.0000","0001178-73.2022.8.06.0000","0001176-06.2022.8.06.0000","0001174-36.2022.8.06.0000","0001173-51.2022.8.06.0000","0001219-40.2022.8.06.0000","0001218-55.2022.8.06.0000","0001957-28.2022.8.06.0000","0001129-32.2022.8.06.0000","0001089-50.2022.8.06.0000","0001087-80.2022.8.06.0000","0001086-95.2022.8.06.0000","0001083-43.2022.8.06.0000","0001082-58.2022.8.06.0000","0000804-57.2022.8.06.0000","0000803-72.2022.8.06.0000","0000690-21.2022.8.06.0000","0000642-62.2022.8.06.0000","0000593-21.2022.8.06.0000","0000592-36.2022.8.06.0000","0000590-66.2022.8.06.0000","0000582-89.2022.8.06.0000","0000578-52.2022.8.06.0000","0000576-82.2022.8.06.0000","0000574-15.2022.8.06.0000","0000572-45.2022.8.06.0000","0000569-90.2022.8.06.0000","0000566-38.2022.8.06.0000","0000507-50.2022.8.06.0000","0000505-80.2022.8.06.0000","0000497-06.2022.8.06.0000","0000492-81.2022.8.06.0000","0000254-62.2022.8.06.0000","0000051-03.2022.8.06.0000","0002843-61.2021.8.06.0000"],"D4":["PAGO","RESERVADO","INDEFERIDO","DESISTÊNCIA","PAGO PELA PRIORIDADE"]}}]}}}}]}